"ParasiteCorrectedName","close","sexual","vertical","closenonsexual","nonclose","environment","soil","water","feces","vector","intermediate"
"Acanthocephalus anguillae",0,0,0,0,0,0,0,0,0,0,0
"Acanthocephalus ranae",0,0,0,0,0,0,0,0,0,0,0
"Acanthocheilonema dracunculoides",0,0,0,0,0,0,0,0,0,0,0
"Acanthocheilonema odendhali",0,0,0,0,0,0,0,0,0,0,0
"Acanthocheilonema procyonis",0,0,0,0,0,0,0,0,0,0,0
"Acanthocheilonema reconditum",0,0,0,0,0,0,0,0,0,0,0
"Acanthocheilonema spirocauda",0,0,0,0,0,0,0,0,0,0,0
"Acinetobacter antiviralis",0,0,0,0,0,0,0,0,0,0,0
"Acinetobacter baumannii",0,0,0,0,0,0,0,0,0,0,0
"Acinetobacter calcoaceticus",0,0,0,0,0,0,0,0,0,0,0
"Acinetobacter lwoffii",1,0,0,1,1,1,0,0,1,0,0
"Actinobacillus actinomycetemcomitans",1,0,0,1,0,0,0,0,0,0,0
"Actinobacillus equuli",1,0,1,1,0,0,0,0,0,0,0
"Aelurostrongylus abstrusus",0,0,0,0,0,0,0,0,0,0,0
"Aelurostrongylus falciformis",0,0,0,0,0,0,0,0,0,0,0
"Aelurostrongylus pridhami",0,0,0,0,0,0,0,0,0,0,0
"Aerococcus viridans",0,0,0,0,0,0,0,0,0,0,0
"Aeromonas hydrophila",0,0,0,0,1,1,1,1,1,1,0
"Agriostomum cursoni",0,0,0,0,1,1,1,0,1,0,0
"Agriostomum equidentatum",0,0,0,0,1,1,1,0,1,0,0
"Agriostomum gorgonis",0,0,0,0,1,1,1,0,1,0,0
"Agrobacterium tumefaciens",0,0,0,0,0,0,0,0,0,0,0
"Alaria alata",0,0,0,0,0,0,0,0,0,0,0
"Alaria americana",0,0,0,0,0,0,0,0,0,0,0
"Alaria arisaemoides",0,0,0,0,0,0,0,0,0,0,0
"Alaria canis",0,0,0,0,0,0,0,0,0,0,0
"Alaria marcianae",0,0,0,0,0,0,0,0,0,0,0
"Alaria mustelae",0,0,0,0,0,0,0,0,0,0,0
"Alaria taxideae",0,0,0,0,0,0,0,0,0,0,0
"Alouattalges corbeti",1,0,0,0,0,0,0,0,0,0,0
"Alouattamyia baeri",0,0,0,0,1,0,0,0,0,0,0
"Alphacoronavirus Alphacoronavirus 1",0,0,0,0,0,0,0,0,0,0,0
"Alphavirus Chikungunya virus",0,0,0,0,0,0,0,0,0,1,0
"Alphavirus Eastern equine encephalitis virus",0,0,0,0,0,0,0,0,0,1,0
"Alphavirus Mayaro virus",0,0,0,0,0,0,0,0,0,1,0
"Alphavirus Semliki forest virus",0,0,0,0,0,0,0,0,0,1,0
"Alphavirus Sindbis virus",0,0,0,0,0,0,0,0,0,1,0
"Alphavirus Southern elephant seal virus",0,0,0,0,0,0,0,0,0,0,0
"Alphavirus Venezuelan equine encephalitis virus",0,0,0,0,0,0,0,0,0,1,0
"Alphavirus Western equine encephalitis virus",0,0,0,0,0,0,0,0,0,1,0
"Amblyomma americanum",0,0,0,0,1,1,0,0,0,0,0
"Amblyomma aureolatum",0,0,0,0,0,0,0,0,0,0,0
"Amblyomma brasiliense",0,0,0,0,0,0,0,0,0,0,0
"Amblyomma cajennense",0,0,0,0,1,1,0,0,0,0,0
"Amblyomma coelebs",0,0,0,0,0,0,0,0,0,0,0
"Amblyomma cohaerens",0,0,0,0,1,0,0,0,0,0,0
"Amblyomma dubitatum",0,0,0,0,0,0,0,0,0,0,0
"Amblyomma fuscum",0,0,0,0,0,0,0,0,0,0,0
"Amblyomma gemma",0,0,0,0,0,0,0,0,0,0,0
"Amblyomma hebraeum",0,0,0,0,1,1,0,0,0,0,0
"Amblyomma javanense",0,0,0,0,1,1,0,0,0,0,0
"Amblyomma longirostre",0,0,0,0,1,0,0,0,0,0,0
"Amblyomma maculatum",0,0,0,0,1,1,0,0,0,0,0
"Amblyomma marmoreum",0,0,0,0,1,1,0,0,0,0,0
"Amblyomma naponense",0,0,0,0,1,1,0,0,0,0,0
"Amblyomma oblongoguttatum",0,0,0,0,1,1,0,0,0,0,0
"Amblyomma ovale",0,0,0,0,1,1,0,0,0,0,0
"Amblyomma parvum",0,0,0,0,1,1,0,0,0,0,0
"Amblyomma pecarium",0,0,0,0,1,1,0,0,0,0,0
"Amblyomma rhinocerotis",0,0,0,0,1,1,0,0,0,0,0
"Amblyomma rotundatum",0,0,0,0,0,0,0,0,0,0,0
"Amblyomma scalpturatum",0,0,0,0,1,1,0,0,0,0,0
"Amblyomma sparsum",0,0,0,0,1,1,0,0,0,0,0
"Amblyomma testudinarium",0,0,0,0,1,1,0,0,0,0,0
"Amblyomma tholloni",0,0,0,0,0,0,0,0,0,0,0
"Amblyomma tigrinum",0,0,0,0,1,1,0,0,0,0,0
"Amblyomma triguttatum",0,0,0,0,1,1,0,0,0,0,0
"Amblyomma triste",0,0,0,0,0,0,0,0,0,0,0
"Amblyomma variegatum",0,0,0,0,1,1,0,0,0,0,0
"Amdoparvovirus Carnivore amdoparvovirus 1",0,0,0,0,0,0,0,0,0,0,0
"Amoebotaenia paradoxa",0,0,0,0,0,0,0,0,0,0,0
"Anaplasma marginale",0,0,0,0,0,0,0,0,0,1,0
"Anaplasma ovis",0,0,0,0,0,0,0,0,0,1,0
"Anaplasma phagocytophilum",0,0,0,0,0,0,0,0,0,1,0
"Anaplasma platys",0,0,0,0,0,0,0,0,0,1,0
"Anatrichosoma cynamolgi",0,0,0,0,1,0,0,0,0,0,0
"Anatrichosoma ixyos",0,0,0,0,1,0,0,0,0,0,0
"Ancylostoma braziliense",0,0,0,0,1,0,0,0,0,0,0
"Ancylostoma caninum",0,0,0,0,0,0,0,0,0,0,0
"Ancylostoma duodenale",0,0,0,0,1,0,0,0,0,0,0
"Ancylostoma kusimaense",0,0,0,0,0,0,0,0,0,0,0
"Ancylostoma martinezi",0,0,0,0,0,0,0,0,0,0,0
"Ancylostoma paraduodenale",0,0,0,0,0,0,0,0,0,0,0
"Ancylostoma pluridentatum",0,0,0,0,0,0,0,0,0,0,0
"Ancylostoma quadridentata",0,0,0,0,1,0,0,0,0,0,0
"Ancylostoma tubaeforme",0,0,0,0,0,0,0,0,0,0,0
"Androlaelaps casalis",0,0,0,0,0,0,0,0,0,0,0
"Angiocaulus gubernaculatus",0,0,0,0,0,0,0,0,0,0,0
"Angiostrongylus costaricensis",0,0,0,0,0,0,0,0,0,0,0
"Angiostrongylus vasorum",0,0,0,0,0,0,0,0,0,0,0
"Anisakis pegreffii",0,0,0,0,0,0,0,0,0,0,0
"Anisakis physeteris",0,0,0,0,0,0,0,0,0,0,0
"Anisakis simplex",0,0,0,0,0,0,0,0,0,0,0
"Anophryocephalus arcticensis",0,0,0,0,0,0,0,0,0,0,0
"Anophryocephalus inuitorum",0,0,0,0,0,0,0,0,0,0,0
"Anophryocephalus ochotensis",0,0,0,0,0,0,0,0,0,0,0
"Anoplocephala gigantea",0,0,0,0,0,0,0,0,0,0,1
"Anoplocephala gorillae",0,0,0,0,0,0,0,0,0,0,1
"Anoplocephala magna",0,0,0,0,0,0,0,0,0,0,1
"Anoplocephala perfoliata",0,0,0,0,0,0,0,0,0,0,1
"Antarctophthirus microchir",0,0,0,0,0,0,0,0,0,0,0
"Aonchotheca putorii",0,0,0,0,0,0,0,0,0,0,0
"Aphthovirus Foot-and-mouth disease virus",1,0,0,1,1,1,0,0,0,0,0
"Apophallus donicus",0,0,0,0,0,0,0,0,0,0,0
"Apophallus muehlingi",0,0,0,0,0,0,0,0,0,0,0
"Apophallus venustus",0,0,0,0,0,0,0,0,0,0,0
"Apteragia odocoilei",0,0,0,0,1,1,0,0,1,0,0
"Apteragia pursglovei",0,0,0,0,1,1,0,0,1,0,0
"Apteragia quadrispiculata",0,0,0,0,1,1,0,0,1,0,0
"Arcanobacterium haemolyticum",0,0,0,0,0,0,0,0,0,0,0
"Arcanobacterium phocae",0,0,0,0,0,0,0,0,0,0,0
"Arcanobacterium pyogenes",0,0,0,0,1,1,0,0,0,0,0
"Archaeopsylla erinacei",0,0,0,0,0,0,0,0,0,0,0
"Arhythmorhynchus brevis",0,0,0,0,0,0,0,0,0,0,0
"Armillifer armillatus",0,0,0,0,1,0,0,0,0,0,1
"Arterivirus Porcine reproductive and respiratory syndrome virus 1",1,1,1,1,1,1,0,0,0,1,0
"Arthroderma benhamiae",1,0,0,1,1,1,1,0,0,0,0
"Arthrostoma miyazakiense",0,0,0,0,0,0,0,0,0,0,0
"Ascaridia galli",0,0,0,0,1,0,0,0,0,0,0
"Ascaridia schroederii",0,0,0,0,0,0,0,0,0,0,0
"Ascaris elongata",0,0,0,0,1,0,0,0,0,0,0
"Ascaris lumbricoides",0,0,0,0,1,0,0,0,0,0,0
"Ascaris phacochoeri",1,0,1,0,1,0,1,0,1,0,0
"Ascaris suum",1,0,1,0,1,0,1,0,1,0,0
"Ascarops dentata",0,0,0,0,0,0,0,0,0,0,1
"Ascarops strongylina",0,0,0,0,0,0,0,0,0,0,1
"Ascocotyle ampullacea",0,0,0,0,0,0,0,0,0,0,0
"Ascocotyle leighi",0,0,0,0,0,0,0,0,0,0,0
"Ascorhytis charadriformis",0,0,0,0,0,0,0,0,0,0,0
"Asfivirus African swine fever virus",1,0,0,1,1,1,0,0,1,1,0
"Ashworthius gagarini",0,0,0,0,1,1,0,0,1,0,0
"Ashworthius sidemi",0,0,0,0,1,1,0,0,1,0,0
"Atadenovirus Deer adenovirus",1,0,1,1,1,0,0,1,1,0,0
"Athesmia heterolecithodes",0,0,0,0,0,0,0,0,0,0,1
"Atriotaenia incisa",0,0,0,0,0,0,0,0,0,0,0
"Atriotaenia procyonis",0,0,0,0,0,0,0,0,0,0,0
"Avitellina centripunctata",0,0,0,0,0,0,0,0,0,0,1
"Babesia bigemina",0,0,0,0,0,0,0,0,0,1,0
"Babesia bovis",0,0,0,0,0,0,0,0,0,0,0
"Babesia cellii",0,0,0,0,0,0,0,0,0,1,0
"Babesia cynicti",0,0,0,0,0,0,0,0,0,0,0
"Babesia equi",0,0,0,0,0,0,0,0,0,1,0
"Babesia lotori",0,0,0,0,0,0,0,0,0,0,0
"Babesia microti",0,0,0,0,0,0,0,0,0,0,0
"Babesia missirolii",0,0,0,0,0,0,0,0,0,0,0
"Babesia odocoilei",0,0,0,0,0,0,0,0,0,1,0
"Babesia ovis",0,0,0,0,0,0,0,0,0,1,0
"Babesia pitheci",0,0,0,0,0,0,0,0,0,1,0
"Babesia propitheci",0,0,0,0,0,0,0,0,0,1,0
"Babesia rossi",0,0,0,0,0,0,0,0,0,0,0
"Bacillus anthracis",0,0,0,0,1,1,1,0,0,0,0
"Bacillus coagulans",0,0,0,0,0,0,0,0,0,0,0
"Bacillus laterosporus",0,0,0,0,0,0,0,0,0,0,0
"Bacillus mycoides",0,0,0,0,1,0,0,0,0,0,0
"Balantidium aragaoi",1,0,0,0,1,0,0,0,0,0,0
"Balantidium coli",1,0,0,0,1,0,0,0,0,0,0
"Bartonella clarridgeiae",0,0,0,0,0,0,0,0,0,0,0
"Bartonella henselae",0,0,0,0,0,0,0,0,0,0,0
"Bartonella rochalimae",0,0,0,0,0,0,0,0,0,0,0
"Bartonella vinsonii",0,0,0,0,0,0,0,0,0,0,0
"Baschkirovitrema incrassatum",0,0,0,0,0,0,0,0,0,0,0
"Baylisascaris columnaris",0,0,0,0,0,0,0,0,0,0,0
"Baylisascaris devosi",0,0,0,0,0,0,0,0,0,0,0
"Baylisascaris procyonis",0,0,0,0,0,0,0,0,0,0,0
"Baylisascaris transfuga",0,0,0,0,0,0,0,0,0,0,0
"Baylisiella tecta",0,0,0,0,0,0,0,0,0,0,0
"Bertiella mucronata",0,0,0,0,0,0,0,0,0,0,1
"Bertiella studeri",0,0,0,0,0,0,0,0,0,0,1
"Besnoitia tarandi",0,0,0,0,1,0,0,0,1,1,1
"Betapolyomavirus Macaca mulatta polyomavirus 1",1,0,1,0,0,0,0,0,0,0,0
"Bibersteinia trehalosi",1,0,0,1,0,0,0,0,0,0,0
"Blastocystis hominis",1,0,0,0,1,0,0,0,0,0,0
"Blastomyces dermatitidis",0,0,0,0,0,0,0,0,0,0,0
"Bolbosoma bobrovoi",0,0,0,0,0,0,0,0,0,0,0
"Boophilus annulatus",0,0,0,0,1,1,0,0,0,0,0
"Bordetella bronchiseptica",1,0,0,0,0,0,0,0,0,0,0
"Bornavirus Mammalian 1 bornavirus",0,0,0,0,0,0,0,0,0,0,0
"Borrelia afzelii",0,0,0,0,0,0,0,0,0,1,0
"Borrelia burgdorferi",0,0,0,0,0,0,0,0,0,1,0
"Borrelia garinii",0,0,0,0,0,0,0,0,0,1,0
"Borrelia harveyi",0,0,0,0,0,0,0,0,0,1,0
"Borrelia japonica",0,0,0,0,0,0,0,0,0,1,0
"Borrelia recurrentis",0,0,0,0,0,0,0,0,0,1,0
"Bourgelatia hylochoeri",0,0,0,0,0,0,0,0,0,0,0
"Bovine herpesvirus 3",1,1,0,1,0,0,0,0,0,0,0
"Brachylaima fuscatus",0,0,0,0,0,0,0,0,0,0,0
"Brachylaima pellucidum",0,0,0,0,0,0,0,0,0,0,0
"Brachylaima recurva",0,0,0,0,0,0,0,0,0,0,0
"Brachylaima tokudai",0,0,0,0,0,0,0,0,0,0,0
"Brachylaima virginianum",0,0,0,0,0,0,0,0,0,0,0
"Brevibacillus brevis",0,0,0,0,0,0,0,0,0,0,0
"Brodenia laciniata",0,0,0,0,0,0,0,0,0,0,1
"Brodenia serrata",0,0,0,0,0,0,0,0,0,0,1
"Bronchonema magna",0,0,0,0,1,1,0,0,1,0,0
"Brucella abortus",1,1,1,0,1,0,0,0,0,0,0
"Brucella melitensis",1,1,1,1,1,1,0,0,0,0,0
"Brucella microti",0,0,0,0,0,0,0,0,0,0,0
"Brucella pinnipedialis",0,0,0,0,0,0,0,0,0,0,0
"Brugia beaveri",0,0,0,0,0,0,0,0,0,0,0
"Brugia malayi",0,0,0,0,0,0,0,0,0,1,0
"Brugia pahangi",0,0,0,0,0,0,0,0,0,1,0
"Bunostomum trigonocephalum",0,0,0,0,1,1,0,0,1,0,0
"Burkholderia cepacia",0,0,0,0,0,0,0,0,0,0,0
"Buttiauxella agrestis",0,0,0,0,0,0,0,0,0,0,0
"Camelostrongylus harrisi",0,0,0,0,1,1,0,0,1,0,0
"Camelostrongylus mentulatus",0,0,0,0,1,1,0,0,1,0,0
"Campylobacter jejuni",0,0,0,0,0,0,0,0,0,0,0
"Candida albicans",1,0,1,0,1,0,0,0,0,0,0
"Candida tropicalis",1,0,1,0,1,0,0,0,0,0,0
"Capillaria aerophila",0,0,0,0,0,0,0,0,0,0,0
"Capillaria brochieri",0,0,0,0,1,0,0,0,0,0,1
"Capillaria hepatica",0,0,0,0,0,0,0,0,0,0,0
"Capillaria mucronata",0,0,0,0,0,0,0,0,0,0,0
"Capillaria mustelorum",0,0,0,0,0,0,0,0,0,0,0
"Capillaria plica",0,0,0,0,0,0,0,0,0,0,0
"Capillaria procyonis",0,0,0,0,0,0,0,0,0,0,0
"Capillaria putorii",0,0,0,0,0,0,0,0,0,0,0
"Capreocaulus capreoli",0,0,0,0,0,0,0,0,0,0,0
"Cardiovirus Cardiovirus A",1,0,0,0,1,0,0,0,1,0,0
"Carios puertoricensis",0,0,0,0,0,0,0,0,0,0,0
"Cebidicola extrarius",1,0,0,0,0,0,0,0,0,0,0
"Cebidicola semiarmatus",1,0,0,0,0,0,0,0,0,0,0
"Cediopsylla inaequalis",0,0,0,0,0,0,0,0,0,0,0
"Cediopsylla simplex",0,0,0,0,0,0,0,0,0,0,0
"Centrorhynchus aluconis",0,0,0,0,0,0,0,0,0,0,0
"Centrorhynchus bazaleticus",0,0,0,0,0,0,0,0,0,0,0
"Centrorhynchus conspectus",0,0,0,0,0,0,0,0,0,0,0
"Centrorhynchus elongatus",0,0,0,0,0,0,0,0,0,0,0
"Centrorhynchus teres",0,0,0,0,0,0,0,0,0,0,0
"Centrorhynchus undulatus",0,0,0,0,0,0,0,0,0,0,0
"Cephenemyia trompe",0,0,0,0,0,0,0,0,0,0,0
"Ceratophyllus gallinae",0,0,0,0,0,0,0,0,0,0,0
"Ceratophyllus sciurorum",0,0,0,0,0,0,0,0,0,0,0
"Ceratospira opthalmica",0,0,0,0,0,0,0,0,0,1,0
"Cercogylus africanus",0,0,0,0,0,0,0,0,0,0,1
"Cercopithifilaria degraaffi",0,0,0,0,0,0,0,0,0,1,0
"Cercopithifilaria eberhardi",0,0,0,0,0,0,0,0,0,1,0
"Cercopithifilaria kenyensis",0,0,0,0,0,0,0,0,0,1,0
"Cercopithifilaria narokensis",0,0,0,0,0,0,0,0,0,1,0
"Cercopithifilaria shohoi",0,0,0,0,0,0,0,0,0,1,0
"Cercopithifilaria verveti",0,0,0,0,0,0,0,0,0,1,0
"Chabertia ovina",0,0,0,0,1,1,0,0,1,0,0
"Chaetopsylla globiceps",0,0,0,0,0,0,0,0,0,0,0
"Chaetopsylla lotoris",0,0,0,0,0,0,0,0,0,0,0
"Chaetopsylla matina",0,0,0,0,0,0,0,0,0,0,0
"Chaetopsylla trichosa",0,0,0,0,0,0,0,0,0,0,0
"Cheyletiella parasitovorax",0,0,0,0,0,0,0,0,0,0,0
"Chilomastix mesnili",1,0,0,0,1,0,0,0,0,0,0
"Chlamydia psittaci",1,0,1,1,1,1,0,1,1,1,0
"Chlamydonema tumefaciens",0,0,0,0,0,0,0,0,0,0,0
"Chlamydophila abortus",0,0,0,0,0,0,0,0,0,0,0
"Chlamydophila felis",0,0,0,0,0,0,0,0,0,0,0
"Chorioptes bovis",1,0,0,1,0,0,0,0,0,0,0
"Chorioptes texanus",1,0,0,1,0,0,0,0,0,0,0
"Chronic wasting disease prion protein",1,0,0,1,1,1,0,0,0,0,0
"Chrysosporium parvum",0,0,0,0,0,0,0,0,0,0,0
"Chrysosporium tropicum",0,0,0,0,0,0,0,0,0,0,0
"Citrobacter freundii",0,0,0,0,0,0,0,0,0,0,0
"Citrobacter koseri",0,0,0,0,0,0,0,0,0,0,0
"Clostridioides difficile",0,0,0,0,0,0,0,0,0,0,0
"Clostridium bartlettii",0,0,0,0,0,0,0,0,0,0,0
"Clostridium botulinum",0,0,0,0,0,0,0,0,0,0,0
"Clostridium colicanis",0,0,0,0,0,0,0,0,0,0,0
"Clostridium disporicum",0,0,0,0,0,0,0,0,0,0,0
"Clostridium glycolicum",0,0,0,0,0,0,0,0,0,0,0
"Clostridium haemolyticum",0,0,0,0,1,1,1,0,1,0,0
"Clostridium hiranonis",0,0,0,0,0,0,0,0,0,0,0
"Clostridium paraputrificum",0,0,0,0,0,0,0,0,0,0,0
"Clostridium perfringens",0,0,0,0,1,1,1,0,1,0,0
"Clostridium sardiniense",0,0,0,0,0,0,0,0,0,0,0
"Clostridium sordellii",0,0,0,0,1,1,1,0,1,0,0
"Coccidioides immitis",0,0,0,0,0,0,0,0,0,0,0
"Cochliomyia hominivorax",0,0,0,0,0,0,0,0,0,0,0
"Colobenterobius colobis",1,0,0,0,1,0,0,0,0,0,0
"Colobenterobius entellus",1,0,0,0,1,0,0,0,0,0,0
"Colobenterobius guerezae",1,0,0,0,1,0,0,0,0,0,0
"Colobenterobius inglisi",1,0,0,0,1,0,0,0,0,0,0
"Colobenterobius longispiculum",1,0,0,0,1,0,0,0,0,0,0
"Colobenterobius paraguerezae",1,0,0,0,1,0,0,0,0,0,0
"Colobenterobius pesteri",1,0,0,0,1,0,0,0,0,0,0
"Colobenterobius presbytis",1,0,0,0,1,0,0,0,0,0,0
"Colobenterobius zakiri",1,0,0,0,1,0,0,0,0,0,0
"Coltivirus Colorado tick fever virus",0,0,0,0,0,0,0,0,0,0,0
"Concinnum ten",0,0,0,0,0,0,0,0,0,0,0
"Contracaecum margolisi",0,0,0,0,0,0,0,0,0,0,0
"Contracaecum ogmorhini",0,0,0,0,0,0,0,0,0,0,0
"Contracaecum osculatum",0,0,0,0,0,0,0,0,0,0,0
"Contracaecum spiculigerum",0,0,0,0,0,0,0,0,0,0,0
"Controrchis biliophilus",0,0,0,0,0,0,0,0,0,0,1
"Cooperia acutispiculum",0,0,0,0,1,1,0,0,1,0,0
"Cooperia connochaeti",0,0,0,0,1,1,0,0,1,0,0
"Cooperia fuelleborni",0,0,0,0,1,1,0,0,1,0,0
"Cooperia hungi",0,0,0,0,1,1,0,0,1,0,0
"Cooperia neitzi",0,0,0,0,1,1,0,0,1,0,0
"Cooperia oncophora",0,0,0,0,1,1,0,0,1,0,0
"Cooperia pectinata",0,0,0,0,1,1,0,0,1,0,0
"Cooperia punctata",0,0,0,0,1,1,0,0,1,0,0
"Cooperia rotundispiculum",0,0,0,0,1,1,0,0,1,0,0
"Cooperia surnabada",0,0,0,0,1,1,0,0,1,0,0
"Cooperia yoshidai",0,0,0,0,1,1,0,0,1,0,0
"Cooperioides antidorca",0,0,0,0,1,1,0,0,1,0,0
"Cooperioides hamiltoni",0,0,0,0,1,1,0,0,1,0,0
"Cooperioides hepaticae",0,0,0,0,1,1,0,0,1,0,0
"Corynebacterium bovis",0,0,0,0,0,0,0,0,0,0,0
"Corynebacterium pseudotuberculosis",0,0,0,0,0,0,0,0,0,0,0
"Corynebacterium ulcerans",0,0,0,0,0,0,0,0,0,0,0
"Corynebacterium xerosis",0,0,0,0,0,0,0,0,0,0,0
"Corynosoma australe",0,0,0,0,0,0,0,0,0,0,0
"Corynosoma enhydri",0,0,0,0,0,0,0,0,0,0,0
"Corynosoma hadweni",0,0,0,0,0,0,0,0,0,0,0
"Corynosoma magdaleni",0,0,0,0,0,0,0,0,0,0,0
"Corynosoma obtuscens",0,0,0,0,0,0,0,0,0,0,0
"Corynosoma reductum",0,0,0,0,0,0,0,0,0,0,0
"Corynosoma semerme",0,0,0,0,0,0,0,0,0,0,0
"Corynosoma strumosum",0,0,0,0,0,0,0,0,0,0,0
"Corynosoma validum",0,0,0,0,0,0,0,0,0,0,0
"Corynosoma villosum",0,0,0,0,0,0,0,0,0,0,0
"Cotylophoron cotylophorum",0,0,0,0,1,1,0,0,0,0,1
"Cotylophoron indicum",0,0,0,0,1,1,0,0,0,0,1
"Cotylophoron jacksoni",0,0,0,0,1,1,0,0,0,0,1
"Coxiella burnetii",1,1,1,1,1,1,1,0,1,1,0
"Craterostomum acuticaudatum",0,0,0,0,1,1,0,0,1,0,0
"Crenosoma goblei",0,0,0,0,0,0,0,0,0,0,0
"Crenosoma melesi",0,0,0,0,0,0,0,0,0,0,0
"Crenosoma petrowi",0,0,0,0,0,0,0,0,0,0,0
"Crenosoma taiga",0,0,0,0,0,0,0,0,0,0,0
"Crenosoma vulpis",0,0,0,0,0,0,0,0,0,0,0
"Crenosoma zederi",0,0,0,0,0,0,0,0,0,0,0
"Crossocephalus viviparus",0,0,0,0,0,0,0,0,0,0,0
"Cruzia americana",0,0,0,0,0,0,0,0,0,0,0
"Cryptococcus diffluens",0,0,0,0,1,0,0,0,0,0,0
"Cryptococcus gattii",0,0,0,0,0,0,0,0,0,0,0
"Cryptocotyle jejunum",0,0,0,0,0,0,0,0,0,0,0
"Cryptocotyle lingua",0,0,0,0,0,0,0,0,0,0,0
"Cryptosporidium parvum",1,0,0,0,1,1,0,1,1,0,0
"Ctenocephalides canis",1,0,0,0,1,0,0,0,0,0,0
"Ctenocephalides connatus",0,0,0,0,0,0,0,0,0,0,0
"Ctenocephalides felis",1,0,0,1,1,1,0,0,0,0,0
"Ctenophthalmus pseudagyrtes",0,0,0,0,0,0,0,0,0,0,0
"Cuterebra fontinella",0,0,0,0,0,0,0,0,0,0,0
"Cuterebra grisea",0,0,0,0,0,0,0,0,0,0,0
"Cyathospirura chevreuxi",0,0,0,0,0,0,0,0,0,0,0
"Cyathostomum alveatum",0,0,0,0,1,1,0,0,1,0,0
"Cyathostomum catinatum",0,0,0,0,1,1,0,0,1,0,0
"Cyathostomum labratum",0,0,0,0,1,1,0,0,1,0,0
"Cyathostomum montgomeryi",0,0,0,0,1,1,0,0,1,0,0
"Cyathostomum tetracanthum",0,0,0,0,1,1,0,0,1,0,0
"Cyclospora cercopitheci",1,0,0,0,1,0,0,0,0,0,0
"Cyclospora colobi",1,0,0,0,1,0,0,0,0,0,0
"Cyclospora papionis",1,0,0,0,1,0,0,0,0,0,0
"Cylicocyclus auriculatus",0,0,0,0,1,1,0,0,1,0,0
"Cylicocyclus gyalocephaloides",0,0,0,0,1,1,0,0,1,0,0
"Cylicocyclus insigne",0,0,0,0,1,1,0,0,1,0,0
"Cylicocyclus nassatus",0,0,0,0,1,1,0,0,1,0,0
"Cylicocyclus triramosus",0,0,0,0,1,1,0,0,1,0,0
"Cylicodontophorus reineckei",0,0,0,0,1,1,0,0,1,0,0
"Cylicospirura felineus",0,0,0,0,0,0,0,0,0,0,0
"Cylicospirura petrowi",0,0,0,0,0,0,0,0,0,0,0
"Cylicospirura subaequalis",0,0,0,0,0,0,0,0,0,0,0
"Cylicostephanus bidentatus",0,0,0,0,1,1,0,0,1,0,0
"Cylicostephanus calicatus",0,0,0,0,1,1,0,0,1,0,0
"Cylicostephanus longiconus",0,0,0,0,1,1,0,0,1,0,0
"Cylicostephanus minutus",0,0,0,0,1,1,0,0,1,0,0
"Cystoisospora canis",0,0,0,0,0,0,0,0,0,0,0
"Cystoisospora felis",0,0,0,0,0,0,0,0,0,0,0
"Cystoisospora ohioensis",0,0,0,0,0,0,0,0,0,0,0
"Cytauxzoon felis",0,0,0,0,0,0,0,0,0,0,0
"Cytauxzoon manul",0,0,0,0,0,0,0,0,0,0,0
"Dactylopsylla percernis",0,0,0,0,0,0,0,0,0,0,0
"Damalinia aepycerus",1,0,0,1,0,0,0,0,0,0,0
"Damalinia antidorcus",1,0,0,1,0,0,0,0,0,0,0
"Damalinia balanicus",1,0,0,1,0,0,0,0,0,0,0
"Damalinia cornutus",1,0,0,1,0,0,0,0,0,0,0
"Damalinia elongata",1,0,0,1,0,0,0,0,0,0,0
"Damalinia lerouxi",1,0,0,1,0,0,0,0,0,0,0
"Damalinia lipeuroides",1,0,0,1,0,0,0,0,0,0,0
"Damalinia meyeri",1,0,0,1,0,0,0,0,0,0,0
"Damalinia natalensis",1,0,0,1,0,0,0,0,0,0,0
"Damalinia parallelus",1,0,0,1,0,0,0,0,0,0,0
"Damalinia pelea",1,0,0,1,0,0,0,0,0,0,0
"Damalinia reduncae",1,0,0,1,0,0,0,0,0,0,0
"Damalinia sedecimdecembrii",1,0,0,1,0,0,0,0,0,0,0
"Damalinia theileri",1,0,0,1,0,0,0,0,0,0,0
"Damalinia thompsoni",1,0,0,1,0,0,0,0,0,0,0
"Damalinia tibialis",1,0,0,1,0,0,0,0,0,0,0
"Damalinia zaganseeri",1,0,0,1,0,0,0,0,0,0,0
"Daubneya oldi",0,0,0,0,0,0,0,0,0,0,0
"Deltaretrovirus Primate T-lymphotropic virus 1",1,1,1,0,0,0,0,0,0,0,0
"Deltaretrovirus Primate T-lymphotropic virus 2",1,1,1,0,0,0,0,0,0,0,0
"Demodex bisonianus",1,0,0,1,0,0,0,0,0,0,0
"Demodex bovis",1,0,1,1,0,0,0,0,0,0,0
"Demodex kutzeri",1,0,0,1,0,0,0,0,0,0,0
"Demodex phylloides",1,0,0,1,0,0,0,0,0,0,0
"Demodex ursi",0,0,0,0,0,0,0,0,0,0,0
"Dermacentor albipictus",0,0,0,0,1,1,0,0,0,0,0
"Dermacentor andersoni",0,0,0,0,1,1,0,0,0,0,0
"Dermacentor atrosignatus",0,0,0,0,1,1,0,0,0,0,0
"Dermacentor auratus",0,0,0,0,1,1,0,0,0,0,0
"Dermacentor hunteri",0,0,0,0,1,1,0,0,0,0,0
"Dermacentor nigrolineatus",0,0,0,0,1,1,0,0,0,0,0
"Dermacentor nitens",0,0,0,0,1,1,0,0,0,0,0
"Dermacentor occidentalis",0,0,0,0,1,1,0,0,0,0,0
"Dermacentor reticulatus",0,0,0,0,1,1,0,0,0,0,0
"Dermacentor rhinocerinus",0,0,0,0,1,1,0,0,0,0,0
"Dermacentor steini",0,0,0,0,1,1,0,0,0,0,0
"Dermacentor taiwanensis",0,0,0,0,1,1,0,0,0,0,0
"Dermacentor variabilis",0,0,0,0,1,1,0,0,0,0,0
"Dermatobia hominis",0,0,0,0,1,0,0,0,0,0,0
"Dermatophilus congolensis",1,0,0,1,1,1,0,0,0,1,0
"Dermatoxys veligera",0,0,0,0,0,0,0,0,0,0,0
"Diceronema versterae",0,0,0,0,0,0,0,0,0,0,0
"Dicrocoelium dendriticum",0,0,0,0,0,0,0,0,0,0,1
"Dictyocaulus capreolus",0,0,0,0,1,1,0,0,1,0,0
"Dictyocaulus eckerti",0,0,0,0,1,1,0,0,1,0,0
"Dictyocaulus filaria",0,0,0,0,1,1,0,0,1,0,0
"Dictyocaulus noerneri",0,0,0,0,1,1,0,0,1,0,0
"Dictyocaulus viviparus",0,0,0,0,1,1,0,0,1,0,0
"Didelphonema longispiculata",0,0,0,0,0,0,0,0,0,0,0
"Dientamoeba fragilis",1,0,0,0,1,0,0,0,0,0,0
"Dioctophyma renale",0,0,0,0,0,0,0,0,0,0,0
"Dipetalonema caudispina",0,0,0,0,0,0,0,0,0,1,0
"Dipetalonema gracile",0,0,0,0,0,0,0,0,0,1,0
"Dipetalonema graciliformis",0,0,0,0,0,0,0,0,0,1,0
"Dipetalonema mephitis",0,0,0,0,0,0,0,0,0,0,0
"Dipetalonema obtusa",0,0,0,0,0,0,0,0,0,1,0
"Dipetalonema parvum",0,0,0,0,0,0,0,0,0,1,0
"Dipetalonema rodhaini",0,0,0,0,0,0,0,0,0,1,0
"Dipetalonema witei",0,0,0,0,0,0,0,0,0,1,0
"Diphyllobothrium cordatum",0,0,0,0,0,0,0,0,0,0,0
"Diphyllobothrium dendriticum",0,0,0,0,0,0,0,0,0,0,0
"Diphyllobothrium ditremum",0,0,0,0,0,0,0,0,0,0,0
"Diphyllobothrium fayi",0,0,0,0,0,0,0,0,0,0,0
"Diphyllobothrium lanceolatum",0,0,0,0,0,0,0,0,0,0,0
"Diphyllobothrium latum",0,0,0,0,0,0,0,0,0,0,0
"Diphyllobothrium medium",0,0,0,0,0,0,0,0,0,0,0
"Diphyllobothrium pacificum",0,0,0,0,0,0,0,0,0,0,0
"Diplogonoporus tetrapterus",0,0,0,0,0,0,0,0,0,0,0
"Diplopylidium monoophorum",0,0,0,0,0,0,0,0,0,0,0
"Diplopylidium noelleri",0,0,0,0,0,0,0,0,0,0,0
"Dipylidium caninum",0,0,0,0,0,0,0,0,0,0,0
"Dirofilaria aethiops",0,0,0,0,0,0,0,0,0,1,0
"Dirofilaria corynodes",0,0,0,0,0,0,0,0,0,1,0
"Dirofilaria immitis",0,0,0,0,0,0,0,0,0,1,0
"Dirofilaria lutrae",0,0,0,0,0,0,0,0,0,0,0
"Dirofilaria macacae",0,0,0,0,0,0,0,0,0,1,0
"Dirofilaria magnilarvatum",0,0,0,0,0,0,0,0,0,1,0
"Dirofilaria repens",0,0,0,0,0,0,0,0,0,0,0
"Dirofilaria schoutedeni",0,0,0,0,0,0,0,0,0,1,0
"Dirofilaria striata",0,0,0,0,0,0,0,0,0,0,0
"Dirofilaria tenuis",0,0,0,0,0,0,0,0,0,0,0
"Dirofilaria ursi",0,0,0,0,0,0,0,0,0,0,0
"Dolphin rhabdovirus",0,0,0,0,0,0,0,0,0,0,0
"Dracunculus insignis",0,0,0,0,0,0,0,0,0,0,0
"Draschia megastoma",0,0,0,0,0,0,0,0,0,1,0
"Echidnophaga bradyta",0,0,0,0,0,0,0,0,0,0,0
"Echidnophaga gallinacea",0,0,0,0,0,0,0,0,0,0,0
"Echidnophaga larina",1,0,0,1,1,1,0,0,0,0,0
"Echinochasmus perfoliatus",0,0,0,0,0,0,0,0,0,0,0
"Echinococcus granulosus",0,0,0,0,1,1,0,0,1,0,1
"Echinococcus multilocularis",0,0,0,0,0,0,0,0,0,0,0
"Echinococcus oligarthrus",0,0,0,0,0,0,0,0,0,0,0
"Echinococcus shiquicus",0,0,0,0,0,0,0,0,0,0,0
"Echinococcus sibiricensis",0,0,0,0,0,0,0,0,0,0,0
"Echinoparyphium recurvatum",0,0,0,0,0,0,0,0,0,0,0
"Echinophthirius horridus",0,0,0,0,0,0,0,0,0,0,0
"Echinorhynchus gadi",0,0,0,0,0,0,0,0,0,0,0
"Echinostoma cinetorchis",0,0,0,0,0,0,0,0,0,0,0
"Echinostoma hortense",0,0,0,0,0,0,0,0,0,0,0
"Edwardsiella tarda",0,0,0,0,0,0,0,0,0,0,0
"Ehrlichia canis",0,0,0,0,0,0,0,0,0,1,0
"Ehrlichia chaffeensis",0,0,0,0,0,0,0,0,0,1,0
"Ehrlichia ewingii",0,0,0,0,0,0,0,0,0,1,0
"Ehrlichia muris",0,0,0,0,0,0,0,0,0,0,0
"Ehrlichia ruminantium",0,0,0,0,0,0,0,0,0,1,0
"Eimeria auburnensis",0,0,0,0,1,0,0,0,1,0,0
"Eimeria bovis",0,0,0,0,1,0,0,0,1,0,0
"Eimeria felina",0,0,0,0,0,0,0,0,0,0,0
"Eimeria furonis",0,0,0,0,0,0,0,0,0,0,0
"Eimeria ictidea",0,0,0,0,0,0,0,0,0,0,0
"Eimeria macusaniensis",0,0,0,0,1,0,0,0,1,0,0
"Eimeria madisonensis",0,0,0,0,1,0,0,0,1,0,0
"Eimeria mccordocki",0,0,0,0,1,0,0,0,1,0,0
"Eimeria melis",0,0,0,0,0,0,0,0,0,0,0
"Eimeria mephitidis",0,0,0,0,0,0,0,0,0,0,0
"Eimeria nuttalli",0,0,0,0,0,0,0,0,0,0,0
"Eimeria odocoilei",0,0,0,0,1,0,0,0,1,0,0
"Eimeria pachylepyron",0,0,0,0,1,0,0,0,0,0,0
"Eimeria procyonis",0,0,0,0,0,0,0,0,0,0,0
"Eimeria vulpis",0,0,0,0,0,0,0,0,0,0,0
"Eimeria zuernii",0,0,0,0,1,0,0,0,1,0,0
"Elaeophora elaphi",0,0,0,0,0,0,0,0,0,1,0
"Elaeophora sagitta",0,0,0,0,0,0,0,0,0,1,0
"Elaeophora schneideri",0,0,0,0,0,0,0,0,0,1,0
"Elaphostrongylus alces",0,0,0,0,0,0,0,0,0,0,1
"Elaphostrongylus cervi",0,0,0,0,0,0,0,0,0,0,1
"Elaphostrongylus rangiferi",0,0,0,0,0,0,0,0,0,0,1
"Emmonsia crescens",0,0,0,0,0,0,0,0,0,0,0
"Empedobacter brevis",0,0,0,0,0,0,0,0,0,0,0
"Encephalitozoon cuniculi",0,0,0,0,0,0,0,0,0,0,0
"Encephalitozoon intestinalis",0,0,0,0,0,0,0,0,0,0,0
"Endolimax nana",1,0,0,0,1,0,0,0,0,0,0
"Entamoeba chattoni",1,0,0,0,1,0,0,0,0,0,0
"Entamoeba coli",1,0,0,0,1,0,0,0,0,0,0
"Entamoeba dispar",1,0,0,0,1,0,0,0,0,0,0
"Entamoeba hartmanni",1,0,0,0,1,0,0,0,0,0,0
"Entamoeba histolytica",1,0,0,0,1,0,0,0,0,0,0
"Entamoeba polecki",1,0,0,0,1,0,0,0,0,0,0
"Enterobacter aerogenes",1,0,0,0,1,0,0,0,0,0,0
"Enterobacter cloacae",1,0,0,1,0,0,0,0,1,0,0
"Enterobius anthropopitheci",1,0,0,0,1,0,0,0,0,0,0
"Enterobius bipapillatus",1,0,0,0,1,0,0,0,0,0,0
"Enterobius brevicauda",1,0,0,0,1,0,0,0,0,0,0
"Enterobius buckleyi",1,0,0,0,1,0,0,0,0,0,0
"Enterobius macaci",1,0,0,0,1,0,0,0,0,0,0
"Enterobius vermicularis",1,0,0,0,1,0,0,0,0,0,0
"Enterococcus faecalis",0,0,0,0,0,0,0,0,0,0,0
"Enterococcus faecium",0,0,0,0,0,0,0,0,0,0,0
"Enterovirus Enterovirus B",1,0,0,0,1,0,0,0,0,0,0
"Enterovirus Enterovirus C",1,0,0,0,1,0,0,0,0,0,0
"Entomophthora coronata",0,0,0,0,1,0,0,0,0,0,0
"Entopolypoides macaci",0,0,0,0,0,0,0,0,0,1,0
"Ephemerovirus Bovine ephemeral fever virus",1,0,0,1,0,0,0,0,0,0,0
"Erysipelothrix rhusiopathiae",1,0,0,1,1,1,1,1,1,1,0
"Escherichia coli",1,0,0,0,1,0,0,0,1,0,0
"Eucoleus aerophilus",0,0,0,0,0,0,0,0,0,0,0
"Eucoleus boehmi",0,0,0,0,0,0,0,0,0,0,0
"Eucoleus schvalovoj",0,0,0,0,0,0,0,0,0,0,0
"Eucyathostomum webbi",0,0,0,0,0,0,0,0,0,0,0
"Euhoplopsyllus glacialis",0,0,0,0,0,0,0,0,0,0,0
"Euparyphium beaveri",0,0,0,0,0,0,0,0,0,0,0
"Euparyphium inermo",0,0,0,0,0,0,0,0,0,0,0
"Euparyphium melis",0,0,0,0,0,0,0,0,0,0,0
"Euryhelmis costaricensis",0,0,0,0,0,0,0,0,0,0,0
"Euryhelmis pacifica",0,0,0,0,0,0,0,0,0,0,0
"Euryhelmis squamula",0,0,0,0,0,0,0,0,0,0,0
"Eurytrema procyonis",0,0,0,0,0,0,0,0,0,0,0
"Eutrombicula splendens",0,0,0,0,1,1,0,0,0,0,0
"Fasciola gigantica",0,0,0,0,0,0,0,0,0,0,1
"Fasciola hepatica",0,0,0,0,0,0,0,0,0,0,1
"Fascioloides magna",0,0,0,0,0,0,0,0,0,0,1
"Felicola cynictis",0,0,0,0,0,0,0,0,0,0,0
"Felicola inaequalis",0,0,0,0,0,0,0,0,0,0,0
"Felicola isidoroi",0,0,0,0,0,0,0,0,0,0,0
"Fibricola cartera",0,0,0,0,0,0,0,0,0,0,0
"Fibricola cratera",0,0,0,0,0,0,0,0,0,0,0
"Fibricola texensis",0,0,0,0,0,0,0,0,0,0,0
"Filaria martis",0,0,0,0,0,0,0,0,0,0,0
"Filaria taxideae",0,0,0,0,0,0,0,0,0,0,0
"Filariopsis arator",0,0,0,0,0,0,0,0,0,0,1
"Filariopsis barretoi",0,0,0,0,0,0,0,0,0,0,1
"Filariopsis cebuellaa",0,0,0,0,0,0,0,0,0,0,1
"Filariopsis gordius",0,0,0,0,0,0,0,0,0,1,0
"Filariopsis usper",0,0,0,0,0,0,0,0,0,0,1
"Filaroides bronchialis",0,0,0,0,0,0,0,0,0,0,0
"Filaroides hispidus",0,0,0,0,0,0,0,0,0,0,0
"Filaroides krascheninnikovi",0,0,0,0,0,0,0,0,0,0,0
"Filaroides martis",0,0,0,0,0,0,0,0,0,0,0
"Filaroides milksi",0,0,0,0,0,0,0,0,0,0,0
"Flavivirus Bouboui virus",0,0,0,0,0,0,0,0,0,1,0
"Flavivirus Dengue virus",0,0,0,0,0,0,0,0,0,1,0
"Flavivirus Ilheus virus",0,0,0,0,0,0,0,0,0,1,0
"Flavivirus Japanese encephalitis virus",0,0,0,0,0,0,0,0,0,1,0
"Flavivirus St. Louis encephalitis virus",0,0,0,0,0,0,0,0,0,0,0
"Flavivirus Tick-borne encephalitis virus",0,0,0,0,0,0,0,0,0,1,0
"Flavivirus West Nile virus",0,0,0,0,0,0,0,0,0,1,0
"Flavivirus Yellow fever virus",0,0,0,0,0,0,0,0,0,1,0
"Flavivirus Zika virus",0,0,0,0,0,0,0,0,0,1,0
"Foxella ignota",0,0,0,0,0,0,0,0,0,0,0
"Francisella tularensis",1,0,0,0,1,0,0,0,0,1,0
"Fusobacterium necrophorum",0,0,0,0,1,0,1,1,1,0,0
"Gaigeria pachyscelis",0,0,0,0,1,1,0,0,1,0,0
"Galactosomum stelleri",0,0,0,0,0,0,0,0,0,0,0
"Gammaretrovirus Feline leukemia virus",0,0,0,0,0,0,0,0,0,0,0
"Gasterophilus ternicinctus",0,0,0,0,0,0,0,0,0,0,0
"Gastrodiscus aegyptiacus",0,0,0,0,1,1,0,0,0,0,1
"Gastrothylax crumenifer",0,0,0,0,1,1,0,0,1,0,1
"Gedoelstia haessleri",0,0,0,0,0,0,0,0,0,0,0
"Gemella morbillorum",0,0,0,0,0,0,0,0,0,0,0
"Giardia intestinalis",0,0,0,0,0,0,0,0,0,0,0
"Globocephalus samoensis",0,0,0,0,0,0,0,0,0,0,0
"Globocephalus urosubulatus",0,0,0,0,1,1,0,0,1,0,0
"Gnathostoma doloresi",0,0,0,0,0,0,0,0,0,0,1
"Gnathostoma procyonis",0,0,0,0,0,0,0,0,0,0,0
"Gnathostoma spinigerum",0,0,0,0,0,0,0,0,0,0,0
"Gongylonema macrogubernaculum",0,0,0,0,0,0,0,0,0,0,1
"Gongylonema pulchrum",0,0,0,0,0,0,0,0,0,0,1
"Gongylonema verrucosum",0,0,0,0,0,0,0,0,0,0,1
"Graphidiodes berlai",0,0,0,0,0,0,0,0,0,0,1
"Gynaecotyla adunca",0,0,0,0,0,0,0,0,0,0,0
"Gyropus ovalis",1,0,0,0,0,0,0,0,0,0,0
"Gyrosoma singularis",0,0,0,0,0,0,0,0,0,0,0
"Gyrostigma pavesii",0,0,0,0,0,0,0,0,0,0,0
"Habronema malani",0,0,0,0,0,0,0,0,0,1,0
"Habronema muscae",0,0,0,0,0,0,0,0,0,1,0
"Habronema tomasi",0,0,0,0,0,0,0,0,0,1,0
"Habronema zebrae",0,0,0,0,0,0,0,0,0,1,0
"Haemaphysalis aciculifer",0,0,0,0,1,1,0,0,0,0,0
"Haemaphysalis asiatica",0,0,0,0,0,0,0,0,0,0,0
"Haemaphysalis bancrofti",0,0,0,0,1,1,0,0,0,0,0
"Haemaphysalis concinna",0,0,0,0,0,0,0,0,0,0,0
"Haemaphysalis erinacei",0,0,0,0,0,0,0,0,0,0,0
"Haemaphysalis flava",0,0,0,0,1,1,0,0,0,0,0
"Haemaphysalis hystricis",0,0,0,0,1,1,0,0,0,0,0
"Haemaphysalis japonica",0,0,0,0,1,1,0,0,0,0,0
"Haemaphysalis juxtakochi",0,0,0,0,1,1,0,0,0,0,0
"Haemaphysalis kitaokai",0,0,0,0,1,1,0,0,0,0,0
"Haemaphysalis leachi",0,0,0,0,1,1,0,0,0,0,0
"Haemaphysalis leporispalustris",0,0,0,0,1,1,0,0,0,0,0
"Haemaphysalis longicornis",0,0,0,0,1,1,0,0,0,0,0
"Haemaphysalis megaspinosa",0,0,0,0,1,1,0,0,0,0,0
"Haemaphysalis moreli",0,0,0,0,0,0,0,0,0,0,0
"Haemaphysalis parmata",0,0,0,0,1,1,0,0,0,0,0
"Haemaphysalis punctata",0,0,0,0,1,1,0,0,0,0,0
"Haemaphysalis semermis",0,0,0,0,0,0,0,0,0,0,0
"Haemaphysalis silacea",0,0,0,0,1,1,0,0,0,0,0
"Haemaphysalis spinulosa",0,0,0,0,1,1,0,0,0,0,0
"Haemaphysalis yeni",0,0,0,0,1,1,0,0,0,0,0
"Haemaphysalis zumpti",0,0,0,0,0,0,0,0,0,0,0
"Haematobosca latifrons",0,0,0,0,0,0,0,0,0,0,0
"Haematomyzus porci",1,0,0,1,0,0,0,0,0,0,0
"Haematopinus latus",1,0,0,1,0,0,0,0,0,0,0
"Haematopinus phacochoeri",1,0,0,1,0,0,0,0,0,0,0
"Haematopinus suis",1,0,0,1,0,0,0,0,0,0,0
"Haemonchus bedfordi",0,0,0,0,1,1,0,0,1,0,0
"Haemonchus contortus",0,0,0,0,1,1,0,0,1,0,0
"Haemonchus horaki",0,0,0,0,1,1,0,0,1,0,0
"Haemonchus krugeri",0,0,0,0,1,1,0,0,1,0,0
"Haemonchus mitchelli",0,0,0,0,1,1,0,0,1,0,0
"Haemonchus placei",0,0,0,0,1,1,0,0,1,0,0
"Haemonchus vegliai",0,0,0,0,1,1,0,0,1,0,0
"Hafnia alvei",0,0,0,0,0,0,0,0,0,0,0
"Hammondia heydorni",0,0,0,0,0,0,0,0,0,0,0
"Hechtiella Lopesi",0,0,0,0,0,0,0,0,0,0,0
"Hemigalichus chrotogale",0,0,0,0,0,0,0,0,0,0,0
"Hepatocystis bovillezi",0,0,0,0,0,0,0,0,0,1,0
"Hepatocystis cercopitheci",0,0,0,0,0,0,0,0,0,1,0
"Hepatocystis foleyi",0,0,0,0,0,0,0,0,0,1,0
"Hepatocystis kochi",0,0,0,0,0,0,0,0,0,1,0
"Hepatocystis semnopitheci",0,0,0,0,0,0,0,0,0,1,0
"Hepatocystis simiae",0,0,0,0,0,0,0,0,0,1,0
"Hepatocystis taiwanensis",0,0,0,0,0,0,0,0,0,1,0
"Hepatovirus Hepatovirus A",1,0,0,0,1,0,0,0,0,0,0
"Hepatoxylon trichiuri",0,0,0,0,0,0,0,0,0,0,0
"Hepatozoon americanum",0,0,0,0,0,0,0,0,0,0,0
"Hepatozoon canis",0,0,0,0,0,0,0,0,0,0,0
"Hepatozoon JM-1",0,0,0,0,0,0,0,0,0,0,0
"Hepatozoon JM-2",0,0,0,0,0,0,0,0,0,0,0
"Hepatozoon JM-3",0,0,0,0,0,0,0,0,0,0,0
"Hepatozoon JM-4",0,0,0,0,0,0,0,0,0,0,0
"Hepatozoon JM-5",0,0,0,0,0,0,0,0,0,0,0
"Hepatozoon JM-6",0,0,0,0,0,0,0,0,0,0,0
"Hepatozoon JM-7",0,0,0,0,0,0,0,0,0,0,0
"Hepatozoon JM-8",0,0,0,0,0,0,0,0,0,0,0
"Hepatozoon procyonis",0,0,0,0,0,0,0,0,0,0,0
"Heterobilharzia americana",0,0,0,0,1,1,0,1,1,0,1
"Hippobosca longipennis",0,0,0,0,0,0,0,0,0,0,0
"Hippobosca rufipes",0,0,0,0,0,0,0,0,0,0,0
"Histoplasma capsulatum",0,0,0,0,1,0,0,0,0,0,0
"Human gammaherpesvirus 4",1,0,0,0,0,0,0,0,0,0,0
"Hyalomma lusitanicum",0,0,0,0,1,1,0,0,0,0,0
"Hyalomma marginatum",0,0,0,0,1,1,0,0,0,0,0
"Hyalomma truncatum",0,0,0,0,1,1,0,0,0,0,0
"Hydatigera taeniaeformis",0,0,0,0,0,0,0,0,0,0,0
"Hymenolepis diminuta",0,0,0,0,0,0,0,0,0,0,0
"Hymenolepis nana",0,0,0,0,0,0,0,0,0,0,1
"Hyostrongylus kigeziensis",0,0,0,0,1,0,0,0,0,0,0
"Hyostrongylus rubidus",0,0,0,0,1,1,0,0,1,0,0
"Hypoaspis leviculus",0,0,0,0,0,0,0,0,0,0,0
"Impalaia nudicollis",0,0,0,0,0,0,0,0,0,0,0
"Impalaia tuberculata",0,0,0,0,1,1,0,0,1,0,0
"Influenzavirus A Influenza A virus",1,0,0,1,0,0,0,0,0,0,0
"Influenzavirus B Influenza B virus",1,0,0,0,0,0,0,0,0,0,0
"Iodamoeba butschlii",1,0,0,0,1,0,0,0,0,0,0
"Isospora africana",0,0,0,0,0,0,0,0,0,0,0
"Isospora altaica",0,0,0,0,0,0,0,0,0,0,0
"Isospora arctopitheci",0,0,0,0,1,0,0,0,0,0,0
"Isospora cebi",0,0,0,0,1,0,0,0,0,0,0
"Isospora hoogstraali",0,0,0,0,0,0,0,0,0,0,0
"Isospora lutrae",0,0,0,0,0,0,0,0,0,0,0
"Isospora martessii",0,0,0,0,0,0,0,0,0,0,0
"Isospora melis",0,0,0,0,0,0,0,0,0,0,0
"Isospora papionis",0,0,0,0,1,0,0,0,0,0,0
"Isospora saimirae",0,0,0,0,1,0,0,0,0,0,0
"Isospora sengeri",0,0,0,0,0,0,0,0,0,0,0
"Isospora spilogales",0,0,0,0,0,0,0,0,0,0,0
"Isospora vulpis",0,0,0,0,0,0,0,0,0,0,0
"Isospora zorillae",0,0,0,0,0,0,0,0,0,0,0
"Isthmiophora hortensis",0,0,0,0,0,0,0,0,0,0,0
"Isthmiophora melis",0,0,0,0,0,0,0,0,0,0,0
"Ixodes acuminatus",0,0,0,0,0,0,0,0,0,0,0
"Ixodes affinis",0,0,0,0,1,1,0,0,0,0,0
"Ixodes aragaoi",0,0,0,0,0,0,0,0,0,0,0
"Ixodes canisuga",0,0,0,0,0,0,0,0,0,0,0
"Ixodes cavipalpus",0,0,0,0,1,1,0,0,0,0,0
"Ixodes cookei",0,0,0,0,0,0,0,0,0,0,0
"Ixodes granulatus",0,0,0,0,0,0,0,0,0,0,0
"Ixodes gregsoni",0,0,0,0,0,0,0,0,0,0,0
"Ixodes hexagonus",0,0,0,0,0,0,0,0,0,0,0
"Ixodes holocyclus",0,0,0,0,1,1,0,0,0,0,0
"Ixodes kingi",0,0,0,0,0,0,0,0,0,0,0
"Ixodes loricatus",0,0,0,0,1,0,0,0,0,0,0
"Ixodes nipponensis",0,0,0,0,0,0,0,0,0,0,0
"Ixodes ovatus",0,0,0,0,1,1,0,0,0,0,0
"Ixodes pacificus",0,0,0,0,1,1,0,0,0,0,0
"Ixodes persulcatus",0,0,0,0,1,1,0,0,0,0,0
"Ixodes pilosus",0,0,0,0,1,1,0,0,0,0,0
"Ixodes rasus",0,0,0,0,1,0,0,0,0,0,0
"Ixodes ricinus",0,0,0,0,1,1,0,0,0,0,0
"Ixodes rubicundus",0,0,0,0,1,1,0,0,0,0,0
"Ixodes scapularis",0,0,0,0,1,1,0,0,0,0,0
"Ixodes schillingeri",0,0,0,0,1,0,0,0,0,0,0
"Ixodes sculptus",0,0,0,0,0,0,0,0,0,0,0
"Ixodes tanuki",0,0,0,0,0,0,0,0,0,0,0
"Ixodes texanus",0,0,0,0,0,0,0,0,0,0,0
"Ixodes ventalloi",0,0,0,0,0,0,0,0,0,0,0
"Joyeuxiella echinorhynchoides",0,0,0,0,0,0,0,0,0,0,0
"Joyeuxiella pasqualei",0,0,0,0,0,0,0,0,0,0,0
"Kiluluma goodeyi",0,0,0,0,1,1,0,0,1,0,0
"Kiluluma magna",0,0,0,0,1,1,0,0,1,0,0
"Kiluluma rhinocerotis",0,0,0,0,1,1,0,0,1,0,0
"Kingella kingae",0,0,0,0,0,0,0,0,0,0,0
"Kirkioestrus minutus",0,0,0,0,0,0,0,0,0,0,0
"Klebsiella pneumoniae",1,1,1,0,1,1,1,1,0,0,0
"Kluyveromyces marxianus",1,0,1,0,1,0,0,0,0,0,0
"Kocuria varians",0,0,0,0,0,0,0,0,0,0,0
"Lagovirus Rabbit hemorrhagic disease virus",0,0,0,0,0,0,0,0,0,0,0
"Lambdapapillomavirus Lambdapapillomavirus 2",0,0,0,0,0,0,0,0,0,0,0
"Lawsonia intracellularis",0,0,0,0,0,0,0,0,0,0,0
"Leishmania braziliensis",0,0,0,0,0,0,0,0,0,1,0
"Leishmania chagasi",0,0,0,0,0,0,0,0,0,0,0
"Leishmania donovani",0,0,0,0,0,0,0,0,0,0,0
"Leishmania infantum",0,0,0,0,0,0,0,0,0,0,0
"Leishmania shawi",0,0,0,0,0,0,0,0,0,1,0
"Lemuricola baltazardi",1,0,0,0,1,0,0,0,0,0,0
"Lemuricola contagiosus",1,0,0,0,1,0,0,0,0,0,0
"Lemuricola daubentoniae",1,0,0,0,1,0,0,0,0,0,0
"Lemuricola inglisi",1,0,0,0,1,0,0,0,0,0,0
"Lemuricola lemuris",1,0,0,0,1,0,0,0,0,0,0
"Lemuricola microcebi",1,0,0,0,1,0,0,0,0,0,0
"Lemuricola nycticebi",1,0,0,0,1,0,0,0,0,0,0
"Lemuricola trichuroides",1,0,0,0,1,0,0,0,0,0,0
"Lemuricola vauceli",1,0,0,0,1,0,0,0,0,0,0
"Lentivirus Feline immunodeficiency virus",0,0,0,0,0,0,0,0,0,0,0
"Lentivirus Puma lentivirus",0,0,0,0,0,0,0,0,0,0,0
"Lentivirus Simian immunodeficiency virus",1,1,1,0,0,0,0,0,0,0,0
"Lentivirus Visna/maedi virus",1,0,1,1,0,0,0,0,0,0,0
"Lepas anatifera",0,0,0,0,0,0,0,0,0,0,0
"Lepas australis",0,0,0,0,0,0,0,0,0,0,0
"Lepidophthirus macrorhini",0,0,0,0,0,0,0,0,0,0,0
"Leptospira borgpetersenii",0,0,0,0,0,0,0,0,0,0,0
"Leptospira bratislava",0,0,0,0,0,0,0,0,0,0,0
"Leptospira canicola",0,0,0,0,0,0,0,0,0,0,0
"Leptospira grippotyphosa",0,0,0,0,0,0,0,0,0,0,0
"Leptospira icterohaemorrhagiae",0,0,0,0,0,0,0,0,0,0,0
"Leptospira interrogans",1,1,1,1,1,1,1,1,0,0,0
"Linguatula arctica",0,0,0,0,1,1,0,0,0,0,0
"Linguatula serrata",0,0,0,0,0,0,0,0,0,0,0
"Linognathus aepyceros",0,0,0,0,0,0,0,0,0,0,0
"Linognathus angasi",1,0,0,1,0,0,0,0,0,0,0
"Linognathus antidorcitis",1,0,0,1,0,0,0,0,0,0,0
"Linognathus armatus",1,0,0,1,0,0,0,0,0,0,0
"Linognathus bedfordi",0,0,0,0,0,0,0,0,0,0,0
"Linognathus breviceps",1,0,0,1,0,0,0,0,0,0,0
"Linognathus cervicaprae",1,0,0,1,0,0,0,0,0,0,0
"Linognathus digitalis",1,0,0,1,0,0,0,0,0,0,0
"Linognathus euchore",1,0,0,1,0,0,0,0,0,0,0
"Linognathus fahrenholzi",1,0,0,1,0,0,0,0,0,0,0
"Linognathus gorgonus",1,0,0,1,0,0,0,0,0,0,0
"Linognathus nevilli",1,0,0,1,0,0,0,0,0,0,0
"Linognathus oryx",1,0,0,1,0,0,0,0,0,0,0
"Linognathus panamensis",1,0,0,1,0,0,0,0,0,0,0
"Linognathus peleus",1,0,0,1,0,0,0,0,0,0,0
"Linognathus pithodes",1,0,0,1,0,0,0,0,0,0,0
"Linognathus spicatus",1,0,0,1,0,0,0,0,0,0,0
"Linognathus zumpti",1,0,0,1,0,0,0,0,0,0,0
"Lipoptena sepiacea",0,0,0,0,0,0,0,0,0,0,0
"Listeria ivanovii",0,0,0,0,0,0,0,0,0,0,0
"Listeria monocytogenes",0,0,1,0,1,1,1,1,1,0,0
"Loa loa",0,0,0,0,0,0,0,0,0,1,0
"Loa papionis",0,0,0,0,0,0,0,0,0,1,0
"Longistriata dubia",0,0,0,0,1,0,0,0,0,0,0
"Longistrongylus albifrontis",0,0,0,0,1,1,0,0,1,0,0
"Longistrongylus curvispiculum",0,0,0,0,1,1,0,0,1,0,0
"Longistrongylus meyeri",0,0,0,0,1,1,0,0,1,0,0
"Longistrongylus namaquensis",0,0,0,0,1,1,0,0,1,0,0
"Longistrongylus sabie",0,0,0,0,1,1,0,0,1,0,0
"Longistrongylus schrenki",0,0,0,0,1,1,0,0,1,0,0
"Lutzomyia intermedia",0,0,0,0,0,0,0,0,0,0,0
"Lutzomyia longipalpis",0,0,0,0,0,0,0,0,0,0,0
"Lynxacarus nearticus",0,0,0,0,0,0,0,0,0,0,0
"Lyperosomum sinuosum",0,0,0,0,0,0,0,0,0,0,0
"Lysinibacillus sphaericus",0,0,0,0,0,0,0,0,0,0,0
"Lyssavirus Rabies lyssavirus",1,0,0,1,0,0,0,0,0,0,0
"Macacanema formosana",0,0,0,0,0,0,0,0,0,1,0
"Macavirus Alcelaphine gammaherpesvirus 1",1,0,1,1,1,1,0,1,0,0,0
"Macracanthorhynchus catulinus",0,0,0,0,0,0,0,0,0,0,0
"Macracanthorhynchus hirudinaceus",0,0,0,0,0,0,0,0,0,0,1
"Macracanthorhynchus ingens",0,0,0,0,0,0,0,0,0,0,0
"Macroorchis spinulosus",0,0,0,0,0,0,0,0,0,0,0
"Malassezia pachydermatis",0,0,0,0,0,0,0,0,0,0,0
"Mamastrovirus Mamastrovirus 1",0,0,0,0,0,0,0,0,0,0,0
"Mammarenavirus Lymphocytic choriomeningitis mammarenavirus",1,0,0,0,1,0,0,0,0,0,0
"Mannheimia haemolytica",1,0,1,1,1,1,0,1,1,0,0
"Mansonella atelensis",0,0,0,0,0,0,0,0,0,1,0
"Mansonella colombiensis",0,0,0,0,0,0,0,0,0,1,0
"Mansonella gorillae",0,0,0,0,0,0,0,0,0,1,0
"Mansonella leopoldi",0,0,0,0,0,0,0,0,0,1,0
"Mansonella llewellyni",0,0,0,0,0,0,0,0,0,0,0
"Mansonella mariae",0,0,0,0,0,0,0,0,0,1,0
"Mansonella marmosetae",0,0,0,0,0,0,0,0,0,1,0
"Mansonella mystaxi",0,0,0,0,0,0,0,0,0,1,0
"Mansonella papionis",0,0,0,0,0,0,0,0,0,1,0
"Mansonella perstans",0,0,0,0,0,0,0,0,0,1,0
"Mansonella peruviana",0,0,0,0,0,0,0,0,0,1,0
"Mansonella saimiri",0,0,0,0,0,0,0,0,0,1,0
"Mansonella streptocercum",0,0,0,0,0,0,0,0,0,1,0
"Mansonella tamarinae",0,0,0,0,0,0,0,0,0,1,0
"Mansonella vanhoofi",0,0,0,0,0,0,0,0,0,1,0
"Margaropus winthemi",0,0,0,0,1,1,0,0,0,0,0
"Maritrema eroliae",0,0,0,0,0,0,0,0,0,0,0
"Maritreminoides nettae",0,0,0,0,0,0,0,0,0,0,0
"Marshallagia marshalli",0,0,0,0,1,1,0,0,1,0,0
"Marshallagia occidentalis",0,0,0,0,1,1,0,0,1,0,0
"Mastadenovirus Canine mastadenovirus A",0,0,0,0,0,0,0,0,0,0,0
"Mastadenovirus Human mastadenovirus F",0,0,0,0,0,0,0,0,0,0,0
"Mastophorus muris",0,0,0,0,0,0,0,0,0,0,0
"Mathevotaenia megastoma",0,0,0,0,0,0,0,0,0,0,1
"Mathevotaenia mephitis",0,0,0,0,0,0,0,0,0,0,0
"Mazamastrongylus odocoilei",0,0,0,0,1,1,0,0,1,0,0
"Mazamastrongylus pursglovei",0,0,0,0,1,1,0,0,1,0,0
"Mediorhynchus robustus",0,0,0,0,0,0,0,0,0,0,0
"Megacooperia woodfordi",0,0,0,0,1,1,0,0,1,0,0
"Melophagus ovinus",0,0,0,0,0,0,0,0,0,0,0
"Meningonema peruzzii",0,0,0,0,0,0,0,0,0,1,0
"Mesocestoides canislagopodis",0,0,0,0,0,0,0,0,0,0,0
"Mesocestoides corti",0,0,0,0,0,0,0,0,0,0,0
"Mesocestoides kirbyi",0,0,0,0,0,0,0,0,0,0,0
"Mesocestoides lineatus",0,0,0,0,0,0,0,0,0,0,0
"Mesocestoides litteratus",0,0,0,0,0,0,0,0,0,0,0
"Mesocestoides paucitesticulus",0,0,0,0,0,0,0,0,0,0,0
"Mesocestoides variabilis",0,0,0,0,0,0,0,0,0,0,0
"Mesostephanus appendiculatoides",0,0,0,0,0,0,0,0,0,0,0
"Metagonimoides oregonensis",0,0,0,0,0,0,0,0,0,0,0
"Metagonimus miyata",0,0,0,0,0,0,0,0,0,0,0
"Metagonimus takahashii",0,0,0,0,0,0,0,0,0,0,0
"Metagonimus yokogawai",0,0,0,0,0,0,0,0,0,0,0
"Metastrongylus apri",0,0,0,0,0,0,0,0,0,0,1
"Metastrongylus asymmetricus",0,0,0,0,0,0,0,0,0,0,1
"Metastrongylus confusus",0,0,0,0,0,0,0,0,0,0,1
"Metastrongylus elongatus",0,0,0,0,0,0,0,0,0,0,1
"Metastrongylus pudentotectus",0,0,0,0,0,0,0,0,0,0,1
"Metastrongylus salmi",0,0,0,0,0,0,0,0,0,0,1
"Metathelazia californica",0,0,0,0,0,0,0,0,0,0,0
"Metorchis albidus",0,0,0,0,0,0,0,0,0,0,0
"Metorchis bilis",0,0,0,0,0,0,0,0,0,0,0
"Metorchis conjunctus",0,0,0,0,0,0,0,0,0,0,0
"Metorchis vulpis",0,0,0,0,0,0,0,0,0,0,0
"Meyerozyma guilliermondii",1,0,1,0,1,0,0,0,0,0,0
"Micrococcus luteus",0,0,0,0,0,0,0,0,0,0,0
"Microfilaria binucleata",0,0,0,0,0,0,0,0,0,1,0
"Microphallus nicolli",0,0,0,0,0,0,0,0,0,0,0
"Microphallus pirum",0,0,0,0,0,0,0,0,0,0,0
"Microphallus similis",0,0,0,0,0,0,0,0,0,0,0
"Microphallus turgidus",0,0,0,0,0,0,0,0,0,0,0
"Microsporum gypseum",0,0,0,0,0,0,0,0,0,0,0
"Moeopsylla sjoestedti",1,0,0,1,1,1,0,0,0,0,0
"Molineus barbatus",0,0,0,0,0,0,0,0,0,0,0
"Molineus legerae",0,0,0,0,0,0,0,0,0,0,0
"Molineus midas",0,0,0,0,1,0,0,0,0,0,0
"Molineus mustelae",0,0,0,0,0,0,0,0,0,0,0
"Molineus patens",0,0,0,0,0,0,0,0,0,0,0
"Molineus torulosus",0,0,0,0,1,0,0,0,0,0,0
"Moniezia benedeni",0,0,0,0,0,0,0,0,0,0,1
"Moniezia expansa",0,0,0,0,0,0,0,0,0,0,1
"Moniezia rugosa",0,0,0,0,0,0,0,0,0,0,1
"Moniliformis moniliformis",0,0,0,0,0,0,0,0,0,0,0
"Monodontella giraffae",0,0,0,0,1,1,1,0,1,0,0
"Monodontus louisianensis",0,0,0,0,1,1,0,0,1,0,0
"Monorygma grimaldii",0,0,0,0,0,0,0,0,0,0,0
"Moraxella atlantae",0,0,0,0,0,0,0,0,0,0,0
"Moraxella bovis",0,0,0,0,0,0,0,0,0,1,0
"Moraxella catarrhalis",0,0,0,0,0,0,0,0,0,0,0
"Moraxella cuniculi",1,0,0,1,0,0,0,0,0,0,0
"Moraxella lacunata",0,0,0,0,0,0,0,0,0,0,0
"Moraxella nonliquefaciens",0,0,0,0,0,0,0,0,0,0,0
"Moraxella osloensis",0,0,0,0,0,0,0,0,0,0,0
"Moraxella ovis",0,0,0,0,0,0,0,0,0,1,0
"Moraxella phenylpyruvicus",0,0,0,0,0,0,0,0,0,0,0
"Morbillivirus Canine distemper virus",0,0,0,0,0,0,0,0,0,0,0
"Morbillivirus Cetacean morbillivirus",0,0,0,0,0,0,0,0,0,0,0
"Morbillivirus Measles virus",1,0,0,0,0,0,0,0,0,0,0
"Morbillivirus Phocine distemper virus",0,0,0,0,0,0,0,0,0,0,0
"Morbillivirus Rinderpest virus",1,0,0,1,0,0,0,0,0,0,0
"Morganella morganii",0,0,0,0,0,0,0,0,0,0,0
"Mosgovoyia pectinata",0,0,0,0,0,0,0,0,0,0,0
"Muellerius capillaris",0,0,0,0,0,0,0,0,0,0,1
"Muellerius tenuispiculatus",0,0,0,0,0,0,0,0,0,0,1
"Multiceps packii",0,0,0,0,0,0,0,0,0,0,0
"Murshidia devians",0,0,0,0,0,0,0,0,0,0,0
"Murshidia hamata",0,0,0,0,1,1,0,0,1,0,0
"Murshidia pugnicaudata",0,0,0,0,1,1,0,0,1,0,0
"Mycobacterium avium",1,0,1,0,1,0,0,0,1,0,0
"Mycobacterium bovis",1,0,0,1,1,0,0,0,1,0,0
"Mycobacterium fortuitum",0,0,0,0,0,0,0,0,0,0,0
"Mycobacterium goodii",0,0,0,0,0,0,0,0,0,0,0
"Mycobacterium intracellulare",0,0,0,0,0,0,0,0,0,0,0
"Mycobacterium kansaii",0,0,0,0,0,0,0,0,0,0,0
"Mycobacterium tuberculosis",1,0,0,1,0,0,0,0,0,0,0
"Mycoplasma conjunctivae",1,0,0,1,0,0,0,0,0,0,0
"Mycoplasma fermentans",0,0,0,0,0,0,0,0,0,0,0
"Mycoplasma haemofelis",0,0,0,0,0,0,0,0,0,0,0
"Mycoplasma haemominutum",0,0,0,0,0,0,0,0,0,0,0
"Mycoplasma hominis",0,1,1,0,0,0,0,0,0,0,0
"Mycoplasma ovipneumoniae",1,0,0,1,0,0,0,0,0,0,0
"Mycoplasma phocidae",0,0,0,0,0,0,0,0,0,0,0
"Mycoplasma turicensis",0,0,0,0,0,0,0,0,0,0,0
"Naganishia albida",0,0,0,0,1,0,0,0,0,0,0
"Nairovirus Crimean-Congo hemorrhagic fever nairovirus",1,0,0,1,0,0,0,0,0,1,0
"Nairovirus Thiafora nairovirus",0,0,0,0,0,0,0,0,0,1,0
"Nanophyetus salmincola",0,0,0,0,0,0,0,0,0,0,0
"Necator americanus",0,0,0,0,1,0,0,0,0,0,0
"Neisseria elongata",0,0,0,0,0,0,0,0,0,0,0
"Neisseria flavescens",0,0,0,0,0,0,0,0,0,0,0
"Neisseria mucosa",0,0,0,0,0,0,0,0,0,0,0
"Neisseria pharyngis",0,0,0,0,0,0,0,0,0,0,0
"Nematodirella alcidis",0,0,0,0,1,1,0,0,1,0,0
"Nematodirella longissimespiculata",0,0,0,0,1,1,0,0,1,0,0
"Nematodirus abnormalis",0,0,0,0,1,1,0,0,1,0,0
"Nematodirus battus",0,0,0,0,1,1,0,0,1,0,0
"Nematodirus davtiani",0,0,0,0,1,1,0,0,1,0,0
"Nematodirus europaeus",0,0,0,0,1,1,0,0,1,0,0
"Nematodirus filicollis",0,0,0,0,1,1,0,0,1,0,0
"Nematodirus helvetianus",0,0,0,0,1,1,0,0,1,0,0
"Nematodirus hugonnetae",0,0,0,0,1,1,0,0,1,0,0
"Nematodirus odocoilei",0,0,0,0,1,1,0,0,1,0,0
"Nematodirus oiratianus",0,0,0,0,1,1,0,0,1,0,0
"Nematodirus roscidus",0,0,0,0,1,1,0,0,1,0,0
"Nematodirus rupicaprae",0,0,0,0,1,1,0,0,1,0,0
"Nematodirus spathiger",0,0,0,0,1,1,0,0,1,0,0
"Nematodirus tarandi",0,0,0,0,1,1,0,0,1,0,0
"Neolinguatula nuttalli",0,0,0,0,1,1,0,0,0,0,1
"Neolipoptena ferrisi",0,0,0,0,0,0,0,0,0,0,0
"Neorhabditostomum yeni",0,0,0,0,1,1,0,0,1,0,0
"Neorickettsia risticii",0,0,0,0,0,0,0,0,0,0,0
"Neoschoengastia israelensis",0,0,0,0,1,1,0,0,0,0,0
"Neospora caninum",1,0,1,0,1,1,0,1,1,0,1
"Neostrongylus linearis",0,0,0,0,0,0,0,0,0,0,1
"Neotrichodectes mephitidis",0,0,0,0,0,0,0,0,0,0,0
"Neotrichodectes pallidus",0,0,0,0,0,0,0,0,0,0,0
"Neotrombicula autumnalis",0,0,0,0,0,0,0,0,0,0,0
"Nocardia asteroides",0,0,0,0,0,0,0,0,0,0,0
"Nosopsyllus fasciatus",0,0,0,0,0,0,0,0,0,0,0
"Notoedres cati",0,0,0,0,0,0,0,0,0,0,0
"Ochrobactrum anthropi",0,0,0,0,0,0,0,0,0,0,0
"Oesophagostomum aculeatum",0,0,0,0,1,0,0,0,0,0,0
"Oesophagostomum africanum",0,0,0,0,1,1,0,0,1,0,0
"Oesophagostomum apiostomum",0,0,0,0,1,0,0,0,0,0,0
"Oesophagostomum attenuatum",0,0,0,0,1,0,0,0,0,0,0
"Oesophagostomum bifurcum",0,0,0,0,1,0,0,0,0,0,0
"Oesophagostomum brumpti",0,0,0,0,1,0,0,0,0,0,0
"Oesophagostomum columbianum",0,0,0,0,1,1,0,0,1,0,0
"Oesophagostomum dentatum",0,0,0,0,1,1,0,0,1,0,0
"Oesophagostomum maurum",0,0,0,0,1,0,0,0,0,0,0
"Oesophagostomum mocambiquei",0,0,0,0,1,1,0,0,1,0,0
"Oesophagostomum mwanzae",0,0,0,0,1,1,0,0,1,0,0
"Oesophagostomum pachycephalum",0,0,0,0,1,0,0,0,0,0,0
"Oesophagostomum quadrispinulatum",0,0,0,0,1,1,0,0,1,0,0
"Oesophagostomum radiatum",0,0,0,0,1,1,0,0,1,0,0
"Oesophagostomum stephanostomum",0,0,0,0,1,0,0,0,0,0,0
"Oesophagostomum venulosum",0,0,0,0,1,1,0,0,1,0,0
"Ollulanus tricuspis",0,0,0,0,0,0,0,0,0,0,0
"Onchocerca cervipedis",0,0,0,0,0,0,0,0,0,1,0
"Onchocerca dewittei",0,0,0,0,0,0,0,0,0,1,0
"Onchocerca flexuosa",0,0,0,0,0,0,0,0,0,1,0
"Onchocerca garmsi",0,0,0,0,0,0,0,0,0,1,0
"Onchocerca gutturosa",0,0,0,0,0,0,0,0,0,1,0
"Onchocerca jakutensis",0,0,0,0,0,0,0,0,0,1,0
"Onchocerca lienalis",0,0,0,0,0,0,0,0,0,1,0
"Onchocerca ramachandrini",0,0,0,0,0,0,0,0,0,1,0
"Onchocerca skrjabini",0,0,0,0,0,0,0,0,0,1,0
"Onchocerca suzukii",0,0,0,0,0,0,0,0,0,1,0
"Onchocerca volvulus",0,0,0,0,0,0,0,0,0,1,0
"Oncicola canis",0,0,0,0,0,0,0,0,0,0,0
"Opisthorchis felineus",0,0,0,0,0,0,0,0,0,0,0
"Orbivirus African horse sickness virus",0,0,0,0,0,0,0,0,0,1,0
"Orbivirus Bluetongue virus",0,0,0,0,0,0,0,0,0,1,0
"Orbivirus Epizootic hemorrhagic disease virus",0,0,0,0,0,0,0,0,0,1,0
"Orbivirus Orungo virus",0,0,0,0,0,0,0,0,0,1,0
"Orbivirus Palyam virus",1,0,1,0,0,0,0,0,0,1,0
"Orchopeas agilis",0,0,0,0,0,0,0,0,0,0,0
"Orchopeas caedens",0,0,0,0,0,0,0,0,0,0,0
"Orchopeas howardi",0,0,0,0,0,0,0,0,0,0,0
"Orchopeas latens",0,0,0,0,0,0,0,0,0,0,0
"Ornithodoros coriaceus",0,0,0,0,1,1,1,0,0,0,0
"Ornithodoros porcinus",0,0,0,0,1,1,1,0,0,0,0
"Ornithodoros talaje",0,0,0,0,1,0,0,0,0,0,0
"Ornithonyssus bacoti",0,0,0,0,0,0,0,0,0,0,0
"Ornithonyssus wernecki",0,0,0,0,0,0,0,0,0,0,0
"Oropsylla arctomys",0,0,0,0,0,0,0,0,0,0,0
"Oropsylla hirsuta",0,0,0,0,0,0,0,0,0,0,0
"Oropsylla montana",0,0,0,0,0,0,0,0,0,0,0
"Orthobunyavirus Akabane virus",0,0,0,0,0,0,0,0,0,1,0
"Orthobunyavirus Bakau orthobunyavirus",0,0,0,0,0,0,0,0,0,1,0
"Orthobunyavirus Bunyamwera orthobunyavirus",0,0,0,0,0,0,0,0,0,1,0
"Orthobunyavirus Bwamba orthobunyavirus",0,0,0,0,0,0,0,0,0,1,0
"Orthobunyavirus California encephalitis orthobunyavirus",0,0,0,0,0,0,0,0,0,1,0
"Orthobunyavirus Kairi orthobunyavirus",0,0,0,0,0,0,0,0,0,1,0
"Orthobunyavirus Main Drain orthobunyavirus",0,0,0,0,0,0,0,0,0,0,0
"Orthobunyavirus Sathuperi orthobunyavirus",0,0,0,0,0,0,0,0,0,1,0
"Orthobunyavirus Shamonda orthobunyavirus",0,0,0,0,0,0,0,0,0,1,0
"Orthobunyavirus Shuni orthobunyavirus",0,0,0,0,0,0,0,0,0,1,0
"Orthocoelium scoliocoelium",0,0,0,0,1,1,0,0,0,0,1
"Orthocoelium streptocoelium",0,0,0,0,1,1,0,0,0,0,1
"Orthohalarachne attenuata",0,0,0,0,0,0,0,0,0,0,0
"Orthohalarachne diminuata",0,0,0,0,0,0,0,0,0,0,0
"Orthohepadnavirus Hepatitis B virus",1,1,0,0,0,0,0,0,0,0,0
"Orthopoxvirus Monkeypox virus",1,0,0,0,0,0,0,0,0,0,0
"Orthoreovirus Mammalian orthoreovirus",0,0,0,0,0,0,0,0,0,0,0
"Orthosplanchnus fraterculus",0,0,0,0,0,0,0,0,0,0,0
"Orthostrongylus macrotis",0,0,0,0,0,0,0,0,0,0,0
"Oslerus osleri",0,0,0,0,0,0,0,0,0,0,0
"Oslerus pararostratus",0,0,0,0,0,0,0,0,0,0,0
"Oslerus rostratus",0,0,0,0,0,0,0,0,0,0,0
"Ostertagia arctica",0,0,0,0,1,1,0,0,1,0,0
"Ostertagia dikmansi",0,0,0,0,1,1,0,0,1,0,0
"Ostertagia drozdzi",0,0,0,0,1,1,0,0,1,0,0
"Ostertagia gruehneri",0,0,0,0,1,1,0,0,1,0,0
"Ostertagia harrisi",0,0,0,0,1,1,0,0,1,0,0
"Ostertagia kolchida",0,0,0,0,1,1,0,0,1,0,0
"Ostertagia leptospicularis",0,0,0,0,1,1,0,0,1,0,0
"Ostertagia lyrata",0,0,0,0,1,1,0,0,1,0,0
"Ostertagia mossi",0,0,0,0,1,1,0,0,1,0,0
"Ostertagia ostertagi",0,0,0,0,1,1,0,0,1,0,0
"Ostertagia trifurcata",0,0,0,0,1,1,0,0,1,0,0
"Ostertagia triquetra",0,0,0,0,1,1,0,0,1,0,0
"Otodectes cynotis",0,0,0,0,0,0,0,0,0,0,0
"Otostrongylus circumlitus",0,0,0,0,0,0,0,0,0,0,0
"Oxynema crassispiculum",0,0,0,0,0,0,0,0,0,0,0
"Oxyuris equi",0,0,0,0,1,1,0,0,1,0,0
"Oxyuris karamoja",0,0,0,0,1,1,0,0,1,0,0
"Pachysentis canicola",0,0,0,0,0,0,0,0,0,0,0
"Paenibacillus alvei",0,0,0,0,0,0,0,0,0,0,0
"Pantoea agglomerans",0,0,0,0,1,1,0,0,0,0,0
"Papiliotrema laurentii",0,0,0,0,1,0,0,0,0,0,0
"Parabronema bonnei",0,0,0,0,0,0,0,0,0,1,0
"Parabronema pecariae",0,0,0,0,0,0,0,0,0,1,0
"Parabronema roundi",0,0,0,0,0,0,0,0,0,1,0
"Parabronema skrjabini",0,0,0,0,0,0,0,0,0,1,0
"Paraceras melis",0,0,0,0,0,0,0,0,0,0,0
"Paracoccidioides brasiliensis",0,0,0,0,0,0,0,0,0,0,0
"Paracooperia devossi",0,0,0,0,1,1,0,0,1,0,0
"Paracooperia horaki",0,0,0,0,1,1,0,0,1,0,0
"Paracooperia serrata",0,0,0,0,1,1,0,0,1,0,0
"Paracooperioides peleae",0,0,0,0,1,1,0,0,1,0,0
"Parafasciolopsis fasciolaemorpha",0,0,0,0,0,0,0,0,0,0,1
"Parafilaria bassoni",0,0,0,0,0,0,0,0,0,1,0
"Parafilaroides decorus",0,0,0,0,0,0,0,0,0,0,0
"Parafilaroides gymnurus",0,0,0,0,0,0,0,0,0,0,0
"Parafilaroides normani",0,0,0,0,0,0,0,0,0,0,0
"Paragonimus africanus",0,0,0,0,0,0,0,0,0,0,1
"Paragonimus kellicotti",0,0,0,0,0,0,0,0,0,0,0
"Paragonimus ohirai",0,0,0,0,0,0,0,0,0,0,0
"Paragonimus pulmonalis",0,0,0,0,0,0,0,0,0,0,1
"Paragonimus rudis",0,0,0,0,0,0,0,0,0,0,0
"Paragonimus westermani",0,0,0,0,0,0,0,0,0,0,1
"Paralibyostrongylus kalinae",0,0,0,0,1,0,0,0,0,0,0
"Parallelorchis diglossus",0,0,0,0,0,0,0,0,0,0,0
"Parametorchis complexus",0,0,0,0,0,0,0,0,0,0,0
"Paramphistomum cervi",0,0,0,0,1,1,0,0,0,0,1
"Paramphistomum epiclitum",0,0,0,0,1,1,0,0,0,0,1
"Paramphistomum liorchis",0,0,0,0,1,1,0,0,0,0,1
"Paraoxyuronema brachytelesi",1,0,0,0,1,0,0,0,0,0,0
"Parapinnixa affinis",0,0,0,0,0,0,0,0,0,0,0
"Parapoxvirus Bovine papular stomatitis virus",1,0,0,1,0,0,0,0,0,0,0
"Parapoxvirus Orf virus",0,0,0,0,1,1,0,0,0,0,0
"Parascaris equorum",0,0,0,0,1,1,1,0,1,0,0
"Parelaphostrongylus andersoni",0,0,0,0,0,0,0,0,0,0,1
"Parelaphostrongylus odocoilei",0,0,0,0,0,0,0,0,0,0,1
"Parelaphostrongylus tenuis",0,0,0,0,0,0,0,0,0,0,1
"Passalurus nonannulatus",0,0,0,0,0,0,0,0,0,0,0
"Pasteurella canis",1,0,0,1,0,0,0,0,0,0,0
"Pasteurella multocida",1,0,0,1,1,1,0,1,0,0,0
"Pearsonema mucronata",0,0,0,0,0,0,0,0,0,0,0
"Pedicinus eurygaster",1,0,0,0,0,0,0,0,0,0,0
"Pedicinus hamadryis",1,0,0,0,0,0,0,0,0,0,0
"Pedicinus obtusus",1,0,0,0,0,0,0,0,0,0,0
"Pediculus mjobergi",1,0,0,0,0,0,0,0,0,0,0
"Pelodera strongyloides",0,0,0,0,0,0,0,0,0,0,0
"Pennella balaenopterae",0,0,0,0,0,0,0,0,0,0,0
"Percavirus Mustelid gammaherpesvirus 1",0,0,0,0,0,0,0,0,0,0,0
"Peromyscopsylla spectabilis",0,0,0,0,0,0,0,0,0,0,0
"Pestivirus Border disease virus",1,0,1,1,1,0,0,0,0,0,0
"Pestivirus Bovine viral diarrhea virus 1",1,1,1,1,0,0,0,0,0,0,0
"Pestivirus Classical swine fever virus",1,1,1,1,1,1,0,0,0,0,0
"Phacopsylla inexpectata",1,0,0,1,1,1,0,0,0,0,0
"Phagicola angrense",0,0,0,0,0,0,0,0,0,0,0
"Phagicola diminuta",0,0,0,0,0,0,0,0,0,0,0
"Phagicola longa",0,0,0,0,0,0,0,0,0,0,0
"Phaneropsolus orbicularis",0,0,0,0,0,0,0,0,0,0,1
"Pharyngostomoides adenocephala",0,0,0,0,0,0,0,0,0,0,0
"Pharyngostomoides procyonis",0,0,0,0,0,0,0,0,0,0,0
"Pharyngostomum cordatum",0,0,0,0,0,0,0,0,0,0,0
"Philophthalmus zalophi",0,0,0,0,0,0,0,0,0,0,0
"Phlebovirus Bhanja virus",0,0,0,0,0,0,0,0,0,1,0
"Phlebovirus Sandfly fever Naples phlebovirus",0,0,0,0,0,0,0,0,0,0,0
"Phocanema decipiens",0,0,0,0,0,0,0,0,0,0,0
"Phocascaris cystophorae",0,0,0,0,0,0,0,0,0,0,0
"Phocascaris phocae",0,0,0,0,0,0,0,0,0,0,0
"Phocitrema fusiforme",0,0,0,0,0,0,0,0,0,0,0
"Photobacterium damselae",0,0,0,0,0,0,0,0,0,0,0
"Phthirus gorillae",1,0,0,0,0,0,0,0,0,0,0
"Phyllobothrium delphini",0,0,0,0,0,0,0,0,0,0,0
"Physaloptera caucasia",0,0,0,0,0,0,0,0,0,0,1
"Physaloptera cebi",0,0,0,0,0,0,0,0,0,0,1
"Physaloptera dilatata",0,0,0,0,0,0,0,0,0,0,1
"Physaloptera maxillaris",0,0,0,0,0,0,0,0,0,0,0
"Physaloptera mordens",0,0,0,0,0,0,0,0,0,0,1
"Physaloptera multipapillata",0,0,0,0,0,0,0,0,0,0,1
"Physaloptera multiuteri",0,0,0,0,0,0,0,0,0,0,1
"Physaloptera praeputialis",0,0,0,0,0,0,0,0,0,0,0
"Physaloptera rara",0,0,0,0,0,0,0,0,0,0,0
"Physaloptera sibirica",0,0,0,0,0,0,0,0,0,0,0
"Physocephalus sexalatus",0,0,0,0,0,0,0,0,0,0,1
"Piophila casei",0,0,0,0,0,0,0,0,0,0,0
"Placoconus lotoris",0,0,0,0,0,0,0,0,0,0,0
"Plagiorchis elegans",0,0,0,0,0,0,0,0,0,0,0
"Plagiorchis muris",0,0,0,0,0,0,0,0,0,0,0
"Plagiorchis vespertilionis",0,0,0,0,0,0,0,0,0,0,0
"Plagiorhynchus cylindraceus",0,0,0,0,0,0,0,0,0,0,0
"Plagiorhynchus ogatai",0,0,0,0,0,0,0,0,0,0,0
"Plasmodium brasilianum",0,0,0,0,0,0,0,0,0,1,0
"Plasmodium coatneyi",0,0,0,0,0,0,0,0,0,1,0
"Plasmodium cynomolgi",0,0,0,0,0,0,0,0,0,1,0
"Plasmodium eylesi",0,0,0,0,0,0,0,0,0,1,0
"Plasmodium falciparum",0,0,0,0,0,0,0,0,0,1,0
"Plasmodium fieldi",0,0,0,0,0,0,0,0,0,1,0
"Plasmodium fragile",0,0,0,0,0,0,0,0,0,1,0
"Plasmodium georgesi",0,0,0,0,0,0,0,0,0,1,0
"Plasmodium girardi",0,0,0,0,0,0,0,0,0,1,0
"Plasmodium gonderi",0,0,0,0,0,0,0,0,0,1,0
"Plasmodium hylobati",0,0,0,0,0,0,0,0,0,1,0
"Plasmodium inui",0,0,0,0,0,0,0,0,0,1,0
"Plasmodium jefferyi",0,0,0,0,0,0,0,0,0,1,0
"Plasmodium knowlesi",0,0,0,0,0,0,0,0,0,1,0
"Plasmodium petersi",0,0,0,0,0,0,0,0,0,1,0
"Plasmodium pitheci",0,0,0,0,0,0,0,0,0,1,0
"Plasmodium reichenowi",0,0,0,0,0,0,0,0,0,1,0
"Plasmodium rodhani",0,0,0,0,0,0,0,0,0,1,0
"Plasmodium schwetzi",0,0,0,0,0,0,0,0,0,1,0
"Plasmodium shortii",0,0,0,0,0,0,0,0,0,1,0
"Plasmodium simiovale",0,0,0,0,0,0,0,0,0,1,0
"Plasmodium simium",0,0,0,0,0,0,0,0,0,1,0
"Plasmodium vivax",0,0,0,0,0,0,0,0,0,1,0
"Plasmodium youngi",0,0,0,0,0,0,0,0,0,1,0
"Platynosomum amazonensis",0,0,0,0,0,0,0,0,0,0,1
"Platynosomum marmoseti",0,0,0,0,0,0,0,0,0,0,1
"Plenosoma minimum",0,0,0,0,0,0,0,0,0,0,0
"Pleochaetis exilis",0,0,0,0,0,0,0,0,0,0,0
"Plesiomonas shigelloides",0,0,0,0,0,0,0,0,0,0,0
"Pneumocystis carinii",1,0,0,0,0,0,0,0,0,0,0
"Pneumonyssus africanus",1,0,0,0,0,0,0,0,0,0,0
"Pneumonyssus congoensis",1,0,0,0,0,0,0,0,0,0,0
"Pneumonyssus dinolti",1,0,0,0,0,0,0,0,0,0,0
"Pneumonyssus mossambicensis",1,0,0,0,0,0,0,0,0,0,0
"Pneumonyssus santos-diasi",1,0,0,0,0,0,0,0,0,0,0
"Pneumonyssus simicola",1,0,0,0,0,0,0,0,0,0,0
"Pneumonyssus vocalis",1,0,0,0,0,0,0,0,0,0,0
"Pneumostrongylus calcaratus",0,0,0,0,0,0,0,0,0,0,1
"Pneumovirus Bovine respiratory syncytial virus",1,0,0,1,0,0,0,0,0,0,0
"Pneumovirus Human respiratory syncytial virus",1,0,0,0,0,0,0,0,0,0,0
"Polymorphus cetaceum",0,0,0,0,0,0,0,0,0,0,0
"Polymorphus major",0,0,0,0,0,0,0,0,0,0,0
"Polymorphus meyeri",0,0,0,0,0,0,0,0,0,0,0
"Polyomavirus Simian agent virus 12",1,1,0,0,0,0,0,0,0,0,0
"Pomphorhynchus laevis",0,0,0,0,0,0,0,0,0,0,0
"Porrocaecum decipiens",0,0,0,0,0,0,0,0,0,0,0
"Porrorchis leibyi",0,0,0,0,0,0,0,0,0,0,0
"Porrorchis nickoli",0,0,0,0,0,0,0,0,0,0,0
"Porrorchis oti",0,0,0,0,0,0,0,0,0,0,0
"Pricetrema zolophi",0,0,0,0,0,0,0,0,0,0,0
"Primasubulura jacchi",1,0,0,0,0,0,0,0,0,0,0
"Probstmayria gombensis",1,0,0,0,1,0,0,0,0,0,0
"Probstmayria vivipara",0,0,0,0,1,1,0,1,1,0,0
"Procyonostrongylus muelleri",0,0,0,0,0,0,0,0,0,0,0
"Procyotrema marsupiformis",0,0,0,0,0,0,0,0,0,0,0
"Profilicollis altmani",0,0,0,0,0,0,0,0,0,0,0
"Profilicollis botulus",0,0,0,0,0,0,0,0,0,0,0
"Propionibacterium avidum",0,0,0,0,0,0,0,0,0,0,0
"Prosarcoptes pitheci",1,0,0,0,1,0,0,0,0,0,0
"Prosthenorchis elegans",0,0,0,0,0,0,0,0,0,0,1
"Prosthodendrium naviculum",0,0,0,0,0,0,0,0,0,0,0
"Proteus mirabilis",1,0,1,0,0,0,0,0,0,0,0
"Proteus vulgaris",1,0,0,1,1,1,0,0,0,0,0
"Protoparvovirus Carnivore protoparvovirus 1",0,0,0,0,0,0,0,0,0,0,0
"Protoparvovirus Ungulate protoparvovirus 1",1,0,1,1,1,1,1,0,1,0,0
"Protospirura muricola",0,0,0,0,0,0,0,0,0,0,1
"Protospirura numidica",0,0,0,0,0,0,0,0,0,0,0
"Protostrongylus capensis",0,0,0,0,0,0,0,0,0,0,1
"Protostrongylus rufescens",0,0,0,0,0,0,0,0,0,0,1
"Protostrongylus rupricaprae",0,0,0,0,0,0,0,0,0,0,1
"Protostrongylus rushi",0,0,0,0,0,0,0,0,0,0,1
"Protostrongylus stilesi",0,0,0,0,0,0,0,0,0,0,1
"Prototapirella gorillae",0,0,0,0,0,0,0,0,0,0,0
"Prouterina wescotti",0,0,0,0,0,0,0,0,0,0,0
"Providencia stuartii",0,0,0,0,0,0,0,0,0,0,0
"Pseudamphistomum truncatum",0,0,0,0,0,0,0,0,0,0,0
"Pseudomonas aeruginosa",1,0,0,1,1,1,1,1,0,0,0
"Pseudomonas alcaligenes",0,0,0,0,0,0,0,0,0,0,0
"Pseudomonas fluorescens",0,0,0,0,1,1,0,0,0,0,0
"Pseudomonas luteola",0,0,0,0,0,0,0,0,0,0,0
"Pseudomonas putida",0,0,0,0,0,0,0,0,0,0,0
"Pseudomonas stutzeri",0,0,0,0,0,0,0,0,0,0,0
"Pseudoterranova cattani",0,0,0,0,0,0,0,0,0,0,0
"Pseudoterranova decipiens",0,0,0,0,0,0,0,0,0,0,0
"Psoroptes cervinus",1,0,0,1,0,0,0,0,0,0,0
"Psoroptes cuniculi",1,0,0,1,0,0,0,0,0,0,0
"Psoroptes ovis",1,0,0,1,0,0,0,0,0,0,0
"Psoroptes pienaari",1,0,0,1,0,0,0,0,0,0,0
"Psychrobacter phenylpyruvicus",0,0,0,0,0,0,0,0,0,0,0
"Pterygodermatites affinis",0,0,0,0,0,0,0,0,0,0,0
"Pulex irritans",0,0,0,0,0,0,0,0,0,0,0
"Pulex simulans",0,0,0,0,0,0,0,0,0,0,0
"Pygidiopsis summa",0,0,0,0,0,0,0,0,0,0,0
"Rahnella aquatilis",0,0,0,0,0,0,0,0,0,0,0
"Raillietina demerariensis",0,0,0,0,0,0,0,0,0,0,1
"Respirovirus Human parainfluenza virus 1",1,0,0,0,0,0,0,0,0,0,0
"Respirovirus Human parainfluenza virus 3",1,0,0,1,0,0,0,0,0,0,0
"Retortamonas intestinalis",1,0,0,0,1,0,0,0,0,0,0
"Rhadinovirus Bovine gammaherpesvirus 4",1,1,0,1,0,0,0,0,0,0,0
"Rhadinovirus Equid gammaherpesvirus 2",1,0,0,1,0,0,0,0,0,0,0
"Rhadinovirus Human gammaherpesvirus 8",1,0,0,0,0,0,0,0,0,0,0
"Rhinomusca dutoiti",0,0,0,0,0,0,0,0,0,0,0
"Rhinophaga elongata",1,0,0,0,0,0,0,0,0,0,0
"Rhinophaga papionis",1,0,0,0,0,0,0,0,0,0,0
"Rhipicephalus appendiculatus",0,0,0,0,1,1,0,0,0,0,0
"Rhipicephalus aquatilis",0,0,0,0,1,1,0,0,0,0,0
"Rhipicephalus arnoldi",0,0,0,0,1,1,0,0,0,0,0
"Rhipicephalus bursa",0,0,0,0,1,1,0,0,0,0,0
"Rhipicephalus capensis",0,0,0,0,1,1,0,0,0,0,0
"Rhipicephalus compositus",0,0,0,0,0,0,0,0,0,0,0
"Rhipicephalus decoloratus",0,0,0,0,1,1,0,0,0,0,0
"Rhipicephalus evertsi",0,0,0,0,1,1,0,0,0,0,0
"Rhipicephalus follis",0,0,0,0,1,1,0,0,0,0,0
"Rhipicephalus gertrudae",0,0,0,0,1,1,0,0,0,0,0
"Rhipicephalus glabroscutatum",0,0,0,0,1,1,0,0,0,0,0
"Rhipicephalus haemaphysaloides",0,0,0,0,0,0,0,0,0,0,0
"Rhipicephalus kochi",0,0,0,0,1,1,0,0,0,0,0
"Rhipicephalus lunulatus",0,0,0,0,1,1,0,0,0,0,0
"Rhipicephalus maculatus",0,0,0,0,1,1,0,0,0,0,0
"Rhipicephalus microplus",0,0,0,0,1,1,0,0,0,0,0
"Rhipicephalus muehlensi",0,0,0,0,1,1,0,0,0,0,0
"Rhipicephalus nitens",0,0,0,0,1,1,0,0,0,0,0
"Rhipicephalus praetextatus",0,0,0,0,0,0,0,0,0,0,0
"Rhipicephalus pravus",0,0,0,0,1,0,0,0,0,0,0
"Rhipicephalus pulchellus",0,0,0,0,1,1,0,0,0,0,0
"Rhipicephalus punctatus",0,0,0,0,1,1,0,0,0,0,0
"Rhipicephalus pusillus",0,0,0,0,0,0,0,0,0,0,0
"Rhipicephalus sanguineus",0,0,0,0,1,1,0,0,0,0,0
"Rhipicephalus simus",0,0,0,0,1,1,0,0,0,0,0
"Rhipicephalus sulcatus",0,0,0,0,1,1,0,0,0,0,0
"Rhipicephalus theileri",0,0,0,0,0,0,0,0,0,0,0
"Rhipicephalus turanicus",0,0,0,0,0,0,0,0,0,0,0
"Rhipicephalus zambeziensis",0,0,0,0,1,1,0,0,0,0,0
"Rhipicephalus zumpti",0,0,0,0,1,1,0,0,0,0,0
"Rhopalopsyllus lutzi",0,0,0,0,0,0,0,0,0,0,0
"Ribeiroia ondatrae",0,0,0,0,0,0,0,0,0,0,0
"Rickettsia conorii",0,0,0,0,0,0,0,0,0,1,0
"Rickettsia rickettsii",0,0,0,0,0,0,0,0,0,0,0
"Rictularia affinis",0,0,0,0,0,0,0,0,0,0,0
"Rotavirus Rotavirus A",1,0,0,0,1,0,0,0,0,0,0
"Rubulavirus Human parainfluenza virus 2",1,0,0,0,0,0,0,0,0,0,0
"Rubulavirus Parainfluenza virus 5",0,0,0,0,0,0,0,0,0,0,0
"Ruminococcus gnavus",0,0,0,0,0,0,0,0,0,0,0
"Ruminococcus hansenii",0,0,0,0,0,0,0,0,0,0,0
"Salmonella enterica",1,0,0,0,1,1,1,1,1,0,0
"Sarcocystis alceslatrans",0,0,0,0,0,0,0,0,0,0,0
"Sarcocystis americana",0,0,0,0,1,1,0,1,1,0,1
"Sarcocystis arctosi",0,0,0,0,0,0,0,0,0,0,0
"Sarcocystis arieticanis",0,0,0,0,1,1,0,1,1,0,1
"Sarcocystis camelopardalis",0,0,0,0,1,1,0,1,1,0,1
"Sarcocystis capracanis",0,0,0,0,1,1,0,1,1,0,1
"Sarcocystis capreolicanis",0,0,0,0,1,1,0,1,1,0,1
"Sarcocystis capricornis",0,0,0,0,1,1,0,1,1,0,1
"Sarcocystis cornagliai",0,0,0,0,1,1,0,1,1,0,1
"Sarcocystis danzani",0,0,0,0,1,1,0,1,1,0,1
"Sarcocystis dubeyella",0,0,0,0,1,1,0,1,1,0,1
"Sarcocystis felis",0,0,0,0,0,0,0,0,0,0,0
"Sarcocystis fusiformis",0,0,0,0,0,0,0,0,0,0,0
"Sarcocystis gazellae",0,0,0,0,1,1,0,1,1,0,1
"Sarcocystis giraffae",0,0,0,0,1,1,0,1,1,0,1
"Sarcocystis grueneri",0,0,0,0,1,1,0,1,1,0,1
"Sarcocystis hemioni",0,0,0,0,1,1,0,1,1,0,1
"Sarcocystis hemionilatrantis",0,0,0,0,1,1,0,1,1,0,1
"Sarcocystis hominis",0,0,0,0,1,1,0,1,1,0,1
"Sarcocystis hydrurgae",0,0,0,0,0,0,0,0,0,0,0
"Sarcocystis kirkpatricki",0,0,0,0,0,0,0,0,0,0,0
"Sarcocystis klaseriensis",0,0,0,0,1,1,0,1,1,0,1
"Sarcocystis melampi",0,0,0,0,1,1,0,1,1,0,1
"Sarcocystis mephitisi",0,0,0,0,0,0,0,0,0,0,0
"Sarcocystis mongolica",0,0,0,0,1,1,0,1,1,0,1
"Sarcocystis neurona",0,0,0,0,1,1,0,1,1,0,1
"Sarcocystis odocoileocanis",0,0,0,0,1,1,0,1,1,0,1
"Sarcocystis phacochoeri",0,0,0,0,1,1,0,1,1,0,1
"Sarcocystis rangi",0,0,0,0,0,0,0,0,0,0,0
"Sarcocystis sebeki",0,0,0,0,0,0,0,0,0,0,0
"Sarcocystis silva",0,0,0,0,1,1,0,1,1,0,1
"Sarcocystis tarandivulpes",0,0,0,0,1,1,0,1,1,0,1
"Sarcocystis ursusi",0,0,0,0,0,0,0,0,0,0,0
"Sarcocystis woodhousei",0,0,0,0,1,1,0,1,1,0,1
"Sarcocystis youngi",0,0,0,0,1,1,0,1,1,0,1
"Sarcoptes scabiei",1,0,0,1,1,0,0,0,0,0,0
"Scalopacarus obesus",0,0,0,0,0,0,0,0,0,0,0
"Schistocephalus solidus",0,0,0,0,0,0,0,0,0,0,0
"Schistosoma bovis",0,0,0,0,0,0,0,0,0,0,1
"Schistosoma haematobium",0,0,0,0,0,0,0,0,0,0,1
"Schistosoma hippopotami",0,0,0,0,1,1,0,0,0,0,1
"Schistosoma mansoni",0,0,0,0,0,0,0,0,0,0,1
"Schistosoma mattheei",0,0,0,0,0,0,0,0,0,0,1
"Schulzinema miroljubovi",0,0,0,0,0,0,0,0,0,0,0
"Serratia liquefaciens",0,0,0,0,0,0,0,0,0,0,0
"Serratia marcescens",1,0,0,1,1,1,1,1,0,0,0
"Setaria africana",0,0,0,0,0,0,0,0,0,1,0
"Setaria bicoronata",0,0,0,0,0,0,0,0,0,1,0
"Setaria caelum",0,0,0,0,0,0,0,0,0,1,0
"Setaria cervi",0,0,0,0,0,0,0,0,0,1,0
"Setaria congolensis",0,0,0,0,0,0,0,0,0,1,0
"Setaria cornuta",0,0,0,0,0,0,0,0,0,1,0
"Setaria equina",0,0,0,0,0,0,0,0,0,1,0
"Setaria labiatopapillosa",0,0,0,0,0,0,0,0,0,1,0
"Setaria scalprum",0,0,0,0,0,0,0,0,0,1,0
"Setaria yehi",0,0,0,0,0,0,0,0,0,1,0
"Shewanella putrefaciens",0,0,0,0,0,0,0,0,0,0,0
"Shigella flexneri",1,0,0,0,1,0,0,0,0,1,0
"Shigella sonnei",1,0,0,0,1,0,0,0,0,1,0
"Simplexvirus Bovine alphaherpesvirus 2",1,1,0,1,0,0,0,0,0,0,0
"Simplexvirus Human alphaherpesvirus 2",0,0,0,0,0,0,0,0,0,0,0
"Skrjabinagia arctica",0,0,0,0,1,1,0,0,1,0,0
"Skrjabinema ovis",0,0,0,0,1,1,0,0,1,0,0
"Skrjabinema parva",0,0,0,0,1,1,0,0,1,0,0
"Skrjabinema rupicaprae",0,0,0,0,1,1,0,0,1,0,0
"Skrjabingylus chitwoodorum",0,0,0,0,0,0,0,0,0,0,0
"Skrjabingylus nasicola",0,0,0,0,0,0,0,0,0,0,0
"Skrjabingylus petrovi",0,0,0,0,0,0,0,0,0,0,0
"Skrjabingylus santaceciliae",0,0,0,0,0,0,0,0,0,0,0
"Sobolevingylus petrowi",0,0,0,0,0,0,0,0,0,0,0
"Sobolevingylus skrjabini",0,0,0,0,0,0,0,0,0,0,0
"Soboliphyme baturini",0,0,0,0,0,0,0,0,0,0,0
"Solenopotes binipilosus",1,0,0,1,0,0,0,0,0,0,0
"Solenopotes burmeisteri",1,0,0,1,0,0,0,0,0,0,0
"Southwellina hispida",0,0,0,0,0,0,0,0,0,0,0
"Sparganum mansoni",0,0,0,0,0,0,0,0,0,0,0
"Sphaerirostris lancea",0,0,0,0,0,0,0,0,0,0,0
"Sphaerirostris lanceoides",0,0,0,0,0,0,0,0,0,0,0
"Spiculopteragia andreevae",0,0,0,0,0,0,0,0,0,0,0
"Spiculopteragia asymmetrica",0,0,0,0,1,1,0,0,1,0,0
"Spiculopteragia boehmi",0,0,0,0,1,1,0,0,1,0,0
"Spiculopteragia dagestanica",0,0,0,0,1,1,0,0,1,0,0
"Spiculopteragia houdemeri",0,0,0,0,1,1,0,0,1,0,0
"Spiculopteragia mathevossiani",0,0,0,0,1,1,0,0,1,0,0
"Spiculopteragia odocoilei",0,0,0,0,1,1,0,0,1,0,0
"Spiculopteragia pursglovei",0,0,0,0,1,1,0,0,1,0,0
"Spiculopteragia spiculoptera",0,0,0,0,1,1,0,0,1,0,0
"Spilopsyllus cuniculi",0,0,0,0,0,0,0,0,0,0,0
"Spilopsyllus inaequalis",0,0,0,0,0,0,0,0,0,0,0
"Spirocerca lupi",0,0,0,0,0,0,0,0,0,0,0
"Spirometra erinaceieuropaei",0,0,0,0,0,0,0,0,0,0,0
"Spirometra janickii",0,0,0,0,0,0,0,0,0,0,0
"Spirometra mansonoides",0,0,0,0,0,0,0,0,0,0,1
"Spirura aurangabadensis",0,0,0,0,0,0,0,0,0,0,1
"Spirura rytipleurites",0,0,0,0,0,0,0,0,0,0,0
"Spumavirus Simian foamy virus",1,1,1,0,0,0,0,0,0,0,0
"Staphylococcus albus",0,0,0,0,0,0,0,0,0,0,0
"Staphylococcus aureus",1,0,1,0,1,0,0,0,0,0,0
"Staphylococcus auricularis",1,0,0,1,1,1,0,0,0,0,0
"Staphylococcus cohnii",1,0,0,1,1,1,0,0,0,0,0
"Staphylococcus epidermidis",1,0,0,1,1,1,0,0,0,0,0
"Staphylococcus hyicus",1,0,1,1,0,0,0,0,0,0,0
"Staphylococcus intermedius",0,0,0,0,0,0,0,0,0,0,0
"Staphylococcus sciuri",1,0,0,1,1,1,0,0,0,0,0
"Staphylococcus simulans",1,0,0,1,0,0,0,0,0,0,0
"Staphylococcus warneri",1,0,0,1,1,1,0,0,0,0,0
"Staphylococcus xylosus",1,0,0,1,1,1,0,0,0,0,0
"Stenistomera alpina",0,0,0,0,0,0,0,0,0,0,0
"Stenotrophomonas maltophilia",0,0,0,0,0,0,0,0,0,0,0
"Stephanofilaria thelazioides",0,0,0,0,0,0,0,0,0,1,0
"Stephanoprora spinosa",0,0,0,0,0,0,0,0,0,0,0
"Stephanurus dentatus",1,0,1,0,1,1,1,0,1,0,1
"Stilesia hepatica",0,0,0,0,0,0,0,0,0,0,1
"Streptococcus agalactiae",0,0,0,0,0,0,0,0,0,0,0
"Streptococcus canis",0,0,0,0,0,0,0,0,0,0,0
"Streptococcus dysgalactiae",0,0,0,0,0,0,0,0,0,0,0
"Streptococcus equi",0,0,0,0,0,0,0,0,0,0,0
"Streptococcus equinus",0,0,0,0,0,0,0,0,0,0,0
"Streptococcus mitis",0,0,0,0,0,0,0,0,0,0,0
"Streptococcus mutans",1,1,1,0,0,0,0,0,0,0,0
"Streptococcus phocae",0,0,0,0,0,0,0,0,0,0,0
"Streptococcus pneumoniae",1,0,0,0,0,0,0,0,0,0,0
"Streptococcus porcinus",0,0,0,0,0,0,0,0,0,0,0
"Streptococcus sanguinis",1,0,1,0,0,0,0,0,0,0,0
"Streptococcus suis",1,0,1,1,1,1,0,0,0,0,0
"Streptococcus uberis",0,0,0,0,0,0,0,0,0,0,0
"Streptococcus viridans",0,0,0,0,0,0,0,0,0,0,0
"Streptopharagus armatus",0,0,0,0,0,0,0,0,0,0,1
"Streptopharagus baylisi",0,0,0,0,0,0,0,0,0,0,1
"Streptopharagus pigmentatus",0,0,0,0,0,0,0,0,0,0,1
"Strigea strigis",0,0,0,0,0,0,0,0,0,0,0
"Strongyloides cebus",0,0,0,0,1,0,0,0,0,0,0
"Strongyloides erschovi",0,0,0,0,0,0,0,0,0,0,0
"Strongyloides fuelleborni",0,0,0,0,1,0,0,0,0,0,0
"Strongyloides lutrae",0,0,0,0,0,0,0,0,0,0,0
"Strongyloides martis",0,0,0,0,0,0,0,0,0,0,0
"Strongyloides mustelorum",0,0,0,0,0,0,0,0,0,0,0
"Strongyloides papillosus",1,0,1,0,1,1,0,0,1,0,0
"Strongyloides planiceps",0,0,0,0,0,0,0,0,0,0,0
"Strongyloides procyonis",0,0,0,0,0,0,0,0,0,0,0
"Strongyloides stercoralis",0,0,0,0,1,0,0,0,0,0,0
"Strongyloides vulpis",0,0,0,0,0,0,0,0,0,0,0
"Strongylus asini",0,0,0,0,1,1,0,0,1,0,0
"Strongylus edentatus",0,0,0,0,1,1,0,0,1,0,0
"Strongylus equinus",0,0,0,0,1,1,0,0,1,0,0
"Strongylus vulgaris",0,0,0,0,1,1,0,0,1,0,0
"Subulura baeri",0,0,0,0,0,0,0,0,0,0,1
"Subulura distans",0,0,0,0,0,0,0,0,0,0,1
"Synosternus caffer",0,0,0,0,0,0,0,0,0,0,0
"Taenia crassiceps",0,0,0,0,0,0,0,0,0,0,0
"Taenia crocutae",0,0,0,0,1,1,0,0,1,0,1
"Taenia hyaenae",0,0,0,0,1,1,0,0,1,0,0
"Taenia hydatigena",0,0,0,0,1,1,0,0,1,0,1
"Taenia krabbei",0,0,0,0,0,0,0,0,0,0,0
"Taenia laticollis",0,0,0,0,0,0,0,0,0,0,0
"Taenia macrocystis",0,0,0,0,0,0,0,0,0,0,0
"Taenia madoquae",0,0,0,0,0,0,0,0,0,0,0
"Taenia martis",0,0,0,0,0,0,0,0,0,0,0
"Taenia multiceps",0,0,0,0,1,1,0,0,1,0,0
"Taenia omissa",0,0,0,0,1,1,0,0,1,0,0
"Taenia ovis",0,0,0,0,1,1,0,0,1,0,0
"Taenia parva",0,0,0,0,0,0,0,0,0,0,0
"Taenia pencei",0,0,0,0,0,0,0,0,0,0,0
"Taenia pisiformis",0,0,0,0,0,0,0,0,0,0,0
"Taenia polyacantha",0,0,0,0,0,0,0,0,0,0,0
"Taenia regis",0,0,0,0,1,1,0,0,1,0,0
"Taenia rileyi",0,0,0,0,0,0,0,0,0,0,0
"Taenia saginata",0,0,0,0,0,0,0,0,0,0,1
"Taenia serialis",0,0,0,0,0,0,0,0,0,0,1
"Taenia solium",0,0,0,0,1,1,0,0,1,0,0
"Taenia taxidiensis",0,0,0,0,0,0,0,0,0,0,0
"Taenia twitchelli",0,0,0,0,0,0,0,0,0,0,0
"Tapironema coronatum",0,0,0,0,1,1,0,0,1,0,0
"Tarsopsylla octodecimdentata",0,0,0,0,0,0,0,0,0,0,0
"Tawila tawila",0,0,0,0,0,0,0,0,0,0,0
"Teladorsagia boreoarcticus",0,0,0,0,1,1,0,0,1,0,0
"Teladorsagia circumcincta",0,0,0,0,1,1,0,0,1,0,0
"Teladorsagia davtiani",0,0,0,0,1,1,0,0,1,0,0
"Teladorsagia hamata",0,0,0,0,1,1,0,0,1,0,0
"Ternidens deminutus",0,0,0,0,0,0,0,0,0,0,0
"Tetragynopus aotophilus",1,0,0,0,0,0,0,0,0,0,0
"Tetrapetalonema nicollei",0,0,0,0,0,0,0,0,0,1,0
"Tetrapetalonema parvum",0,0,0,0,0,0,0,0,0,1,0
"Theileria annae",0,0,0,0,0,0,0,0,0,0,0
"Theileria bicornis",0,0,0,0,0,0,0,0,0,0,0
"Theileria buffeli",0,0,0,0,0,0,0,0,0,1,0
"Theileria cervi",0,0,0,0,0,0,0,0,0,1,0
"Theileria mutans",0,0,0,0,0,0,0,0,0,1,0
"Theileria parva",0,0,0,0,0,0,0,0,0,1,0
"Thelazia californiensis",0,0,0,0,0,0,0,0,0,1,0
"Thelazia callipaeda",0,0,0,0,0,0,0,0,0,0,0
"Thelazia gulosa",0,0,0,0,0,0,0,0,0,1,0
"Thrassis fotas",0,0,0,0,0,0,0,0,0,0,0
"Thysanosoma actinioides",0,0,0,0,0,0,0,0,0,0,1
"Thysanotaenia lemuris",0,0,0,0,0,0,0,0,0,0,1
"Toxascaris leonina",0,0,0,0,1,0,1,0,0,0,0
"Toxocara canis",0,0,0,0,0,0,0,0,0,0,0
"Toxocara cati",0,0,0,0,0,0,0,0,0,0,0
"Toxocara genettae",0,0,0,0,0,0,0,0,0,0,0
"Toxocara mystax",0,0,0,0,0,0,0,0,0,0,0
"Toxocara tanuki",0,0,0,0,0,0,0,0,0,0,0
"Toxocara vitulorum",1,0,1,0,0,0,0,0,0,0,0
"Toxoplasma gondii",1,0,1,0,1,1,1,1,1,0,1
"Treponema pallidum",1,1,0,0,0,0,0,0,0,0,0
"Trichinella britovi",0,0,0,0,1,0,0,0,1,0,0
"Trichinella murrelli",0,0,0,0,1,0,0,0,1,0,0
"Trichinella nativa",0,0,0,0,1,0,0,0,1,0,0
"Trichinella nelsoni",0,0,0,0,0,0,0,0,0,0,0
"Trichinella papuae",0,0,0,0,1,0,0,0,1,0,0
"Trichinella pseudospiralis",0,0,0,0,1,0,0,0,1,0,0
"Trichinella sp. T6",0,0,0,0,1,0,0,0,1,0,0
"Trichinella spiralis",0,0,0,0,1,0,0,0,1,0,0
"Trichinella zimbabwensis",0,0,0,0,0,0,0,0,0,0,0
"Trichodectes armatus",1,0,0,0,0,0,0,0,0,0,0
"Trichodectes canis",0,0,0,0,0,0,0,0,0,0,0
"Trichodectes colobi",1,0,0,0,0,0,0,0,0,0,0
"Trichodectes melis",0,0,0,0,0,0,0,0,0,0,0
"Trichodectes mjoebergi",1,0,0,0,0,0,0,0,0,0,0
"Trichodectes octomaculatus",0,0,0,0,0,0,0,0,0,0,0
"Trichodectes pinguis",0,0,0,0,0,0,0,0,0,0,0
"Trichodectes semiarmatus",1,0,0,0,0,0,0,0,0,0,0
"Trichomonas intestinalis",1,0,0,0,0,0,0,0,0,0,0
"Trichophilopterus babakotuphilus",1,0,0,0,0,0,0,0,0,0,0
"Trichophilopterus ferrisi",1,0,0,0,0,0,0,0,0,0,0
"Trichophyton mentagrophytes",0,0,0,0,0,0,0,0,0,0,0
"Trichophyton simii",1,0,0,0,0,0,0,0,0,0,0
"Trichophyton terrestre",0,0,0,0,0,0,0,0,0,0,0
"Trichospirura leptostoma",0,0,0,0,0,0,0,0,0,1,0
"Trichostrongylus affinis",0,0,0,0,0,0,0,0,0,0,0
"Trichostrongylus angistris",0,0,0,0,1,1,0,0,1,0,0
"Trichostrongylus anomalus",0,0,0,0,1,1,0,0,1,0,0
"Trichostrongylus askivali",0,0,0,0,1,1,0,0,1,0,0
"Trichostrongylus auriculatus",0,0,0,0,1,1,0,0,1,0,0
"Trichostrongylus axei",0,0,0,0,1,1,0,0,1,0,0
"Trichostrongylus capricola",0,0,0,0,1,1,0,0,1,0,0
"Trichostrongylus colubriformis",0,0,0,0,1,1,0,0,1,0,0
"Trichostrongylus deflexus",0,0,0,0,1,1,0,0,1,0,0
"Trichostrongylus dosteri",0,0,0,0,1,1,0,0,1,0,0
"Trichostrongylus falculatus",0,0,0,0,1,1,0,0,1,0,0
"Trichostrongylus instabilis",0,0,0,0,1,1,0,0,1,0,0
"Trichostrongylus minor",0,0,0,0,1,1,0,0,1,0,0
"Trichostrongylus pietersei",0,0,0,0,1,1,0,0,1,0,0
"Trichostrongylus probolurus",0,0,0,0,1,1,0,0,1,0,0
"Trichostrongylus rugatus",0,0,0,0,1,1,0,0,1,0,0
"Trichostrongylus subtilis",0,0,0,0,1,0,0,0,0,0,0
"Trichostrongylus thomasi",0,0,0,0,1,1,0,0,1,0,0
"Trichostrongylus vitrinus",0,0,0,0,1,1,0,0,1,0,0
"Trichuris campanula",0,0,0,0,0,0,0,0,0,0,0
"Trichuris capreoli",0,0,0,0,1,1,0,0,1,0,0
"Trichuris discolor",0,0,0,0,1,1,0,0,1,0,0
"Trichuris dispar",0,0,0,0,1,0,0,0,0,0,0
"Trichuris globulosa",0,0,0,0,1,1,0,0,1,0,0
"Trichuris lemuris",0,0,0,0,1,0,0,0,0,0,0
"Trichuris ovis",0,0,0,0,1,1,0,0,1,0,0
"Trichuris skrjabini",0,0,0,0,1,1,0,0,1,0,0
"Trichuris suis",0,0,0,0,1,1,0,0,1,0,0
"Trichuris trichiura",0,0,0,0,1,0,0,0,0,0,0
"Trichuris vulpis",0,0,0,0,0,0,0,0,0,0,0
"Triodontophorus burchelli",0,0,0,0,1,1,0,0,1,0,0
"Triodontophorus hartmannae",0,0,0,0,1,1,0,0,1,0,0
"Triodontophorus nipponicus",0,0,0,0,1,1,0,0,1,0,0
"Triodontophorus serratus",0,0,0,0,1,1,0,0,1,0,0
"Troglodytella abrassarti",1,0,0,0,0,0,0,0,0,0,0
"Troglostrongylus wilsoni",0,0,0,0,0,0,0,0,0,0,0
"Troglotrema acutum",0,0,0,0,0,0,0,0,0,0,0
"Troglotrema mustelae",0,0,0,0,0,0,0,0,0,0,0
"Trypanosoma advieri",0,0,0,0,0,0,0,0,0,1,0
"Trypanosoma brimonti",0,0,0,0,0,0,0,0,0,1,0
"Trypanosoma brucei",0,0,0,0,0,0,0,0,0,1,0
"Trypanosoma cervi",0,0,0,0,0,0,0,0,0,1,0
"Trypanosoma congolense",0,0,0,0,0,0,0,0,0,1,0
"Trypanosoma conorhini",0,0,0,0,0,0,0,0,0,1,0
"Trypanosoma cruzi",0,0,0,0,0,0,0,0,0,1,0
"Trypanosoma cyclops",0,0,0,0,0,0,0,0,0,1,0
"Trypanosoma devei",0,0,0,0,0,0,0,0,0,1,0
"Trypanosoma diasi",0,0,0,0,0,0,0,0,0,1,0
"Trypanosoma evansi",0,0,0,0,0,0,0,0,0,1,0
"Trypanosoma hippicum",0,0,0,0,0,0,0,0,0,1,0
"Trypanosoma irangiense",0,0,0,0,0,0,0,0,0,1,0
"Trypanosoma lambrechti",0,0,0,0,0,0,0,0,0,1,0
"Trypanosoma lesourdi",0,0,0,0,0,0,0,0,0,1,0
"Trypanosoma minasense",0,0,0,0,0,0,0,0,0,1,0
"Trypanosoma mycetae",0,0,0,0,0,0,0,0,0,1,0
"Trypanosoma perodictici",0,0,0,0,0,0,0,0,0,1,0
"Trypanosoma pestanai",0,0,0,0,0,0,0,0,0,0,0
"Trypanosoma primatum",0,0,0,0,0,0,0,0,0,1,0
"Trypanosoma rangeli",0,0,0,0,0,0,0,0,0,1,0
"Trypanosoma sanmartini",0,0,0,0,0,0,0,0,0,1,0
"Trypanosoma simiae",0,0,0,0,0,0,0,0,0,1,0
"Trypanosoma vivax",0,0,0,0,0,0,0,0,0,1,0
"Trypanoxyuris atelis",1,0,0,0,1,0,0,0,0,0,0
"Trypanoxyuris brachytelesi",1,0,0,0,1,0,0,0,0,0,0
"Trypanoxyuris callicebi",1,0,0,0,1,0,0,0,0,0,0
"Trypanoxyuris callis",1,0,0,0,1,0,0,0,0,0,0
"Trypanoxyuris callithricis",1,0,0,0,1,0,0,0,0,0,0
"Trypanoxyuris clementinae",1,0,0,0,1,0,0,0,0,0,0
"Trypanoxyuris croizati",1,0,0,0,1,0,0,0,0,0,0
"Trypanoxyuris goeldii",1,0,0,0,1,0,0,0,0,0,0
"Trypanoxyuris lagothricis",1,0,0,0,1,0,0,0,0,0,0
"Trypanoxyuris microon",1,0,0,0,1,0,0,0,0,0,0
"Trypanoxyuris minutus",1,0,0,0,1,0,0,0,0,0,0
"Trypanoxyuris oedipi",1,0,0,0,1,0,0,0,0,0,0
"Trypanoxyuris satanas",1,0,0,0,1,0,0,0,0,0,0
"Trypanoxyuris sceleratus",1,0,0,0,1,0,0,0,0,0,0
"Trypanoxyuris trypanuris",1,0,0,0,1,0,0,0,0,0,0
"Tunga penetrans",0,0,0,0,1,0,0,0,0,0,0
"Umingmakstrongylus pallikuukensis",0,0,0,0,0,0,0,0,0,0,1
"Unassigned Phocid gammaherpesvirus 2",0,0,0,0,0,0,0,0,0,0,0
"Uncinaria criniformis",0,0,0,0,0,0,0,0,0,0,0
"Uncinaria hamiltoni",0,0,0,0,0,0,0,0,0,0,0
"Unicinaria lucasi",0,0,0,0,0,0,0,0,0,0,0
"Unicinaria stenocephala",0,0,0,0,1,0,0,0,0,0,0
"Vagococcus lutrae",0,0,0,0,0,0,0,0,0,0,0
"Varestrongylus alces",0,0,0,0,0,0,0,0,0,0,1
"Varestrongylus alpenae",0,0,0,0,0,0,0,0,0,0,1
"Varestrongylus capreoli",0,0,0,0,0,0,0,0,0,0,1
"Varestrongylus sagittatus",0,0,0,0,0,0,0,0,0,0,1
"Varicellovirus Bovine alphaherpesvirus 1",1,1,0,1,0,0,0,0,0,0,0
"Varicellovirus Canid alphaherpes virus 1",0,0,0,0,0,0,0,0,0,0,0
"Varicellovirus Caprine alphaherpesvirus 1",1,1,0,1,0,0,0,0,0,0,0
"Varicellovirus Cercopithecine alphaherpesvirus 9",1,0,0,0,0,0,0,0,0,0,0
"Varicellovirus Cervid alphaherpesvirus 1",1,1,0,1,0,0,0,0,0,0,0
"Varicellovirus Cervid alphaherpesvirus 2",1,1,1,1,0,0,0,0,0,0,0
"Varicellovirus Equid alphaherpesvirus 1",1,0,0,1,0,0,0,0,0,0,0
"Varicellovirus Equid alphaherpesvirus 4",1,0,0,1,0,0,0,0,0,0,0
"Varicellovirus Felid alphaherpesvirus 1",0,0,0,0,0,0,0,0,0,0,0
"Varicellovirus Phocid alphaherpes virus 1",0,0,0,0,0,0,0,0,0,0,0
"Varicellovirus Suid alphaherpesvirus 1",1,1,1,1,1,1,0,1,0,1,0
"Versteria mustelae",0,0,0,0,0,0,0,0,0,0,0
"Vesiculovirus Indiana vesiculovirus",0,0,0,0,0,0,0,0,0,1,0
"Vesiculovirus Klamath virus",1,0,0,1,0,0,0,0,0,0,0
"Vesiculovirus New Jersey vesiculovirus",0,0,0,0,0,0,0,0,0,1,0
"Vesivirus Feline calicivirus",0,0,0,0,0,0,0,0,0,0,0
"Vesivirus Vesicular exanthema of swine virus",0,0,0,0,0,0,0,0,0,0,0
"Vibrio alginolyticus",0,0,0,0,0,0,0,0,0,0,0
"Vibrio cholerae",0,0,0,0,0,0,0,0,0,0,0
"Vibrio fluvialis",0,0,0,0,0,0,0,0,0,0,0
"Vibrio parahaemolyticus",0,0,0,0,0,0,0,0,0,0,0
"Vigisospirura potekhina",0,0,0,0,0,0,0,0,0,0,0
"Vogeloides felis",0,0,0,0,0,0,0,0,0,0,0
"Watsonius deschieni",0,0,0,0,0,0,0,0,0,0,1
"Wuchereria bancrofti",0,0,0,0,0,0,0,0,0,1,0
"Wuchereria kalimantani",0,0,0,0,0,0,0,0,0,1,0
"Xenopsylla cryptonella",0,0,0,0,0,0,0,0,0,0,0
"Xenopsylla cunicularis",0,0,0,0,0,0,0,0,0,0,0
"Yersinia aldovae",1,0,0,1,1,0,0,1,1,0,0
"Yersinia enterocolitica",1,0,0,1,1,0,0,1,1,0,0
"Yersinia frederiksenii",1,0,0,1,1,1,0,1,1,0,0
"Yersinia intermedia",1,0,0,1,1,1,0,1,1,0,0
"Yersinia kristensenii",1,0,0,1,1,1,0,1,1,0,0
"Yersinia pestis",1,0,0,1,0,0,0,0,0,1,0
"Yersinia pseudotuberculosis",1,0,0,1,1,0,0,1,1,0,0
"Yokenella regensburgei",0,0,0,0,0,0,0,0,0,0,0
"Zonorchis goliath",0,0,0,0,0,0,0,0,0,0,1
"Zygocotyle lunata",0,0,0,0,1,1,0,0,0,0,1
